{
    "access_manager": {
        "current_user": "0",
        "developers": {},
        "last_origin": "plugin.video.youtube",
        "users": {
            "0": {
                "access_token": "",
                "id": "865bf74da0834d19991e82f9c208ee35",
                "last_key_hash": "5faae49717582159a26543c2cd954e75",
                "name": "Default",
                "refresh_token": "",
                "token_expires": -1,
                "watch_history": "HL",
                "watch_later": ""
            }
        }
    }
}