<shortcuts>
	<shortcut>
		<defaultID>recherchefilms-colorlightcoral-genreacteursaga-color</defaultID>
		<label>Recherche</label>
		<label2>Favoris</label2>
		<icon>special://skin/extras/icons/folder.png</icon>
		<thumb>special://skin/extras/icons/search.png</thumb>
		<action>ActivateWindow(10025,"plugin://plugin.video.vstream/?function=showMenu&amp;pasteID=1&amp;site=pastebin&amp;title=1%20Films%20(Rayflix)",return)</action>
	</shortcut>
	<shortcut>
		<defaultID />
		<label>Listes</label>
		<label2>Extensions Vidéo</label2>
		<icon>DefaultShortcut.png</icon>
		<thumb>special://skin/extras/icons/viewmode.png</thumb>
		<action>ActivateWindow(Videos,"plugin://plugin.video.vstream/?site=pastebin&amp;function=showGroupes&amp;title=Films+%28Listes%29&amp;siteUrl=https%3A%2F%2Fpastebin.com%2Fraw%2F%26numPage%3D1%26sMedia%3Dfilm%26pasteID%3D1&amp;sFav=showGroupes",return)</action>
	</shortcut>
	<shortcut>
		<defaultID />
		<label>Films 4K</label>
		<label2>Extensions Vidéo</label2>
		<icon>DefaultShortcut.png</icon>
		<thumb>special://skin/extras/icons/hd.png</thumb>
		<action>ActivateWindow(Videos,"plugin://plugin.video.vstream/?site=pastebin&amp;function=showMenu&amp;title=2+Films+4K+%28Rayflix%29&amp;pasteID=11",return)</action>
	</shortcut>
	<shortcut>
		<defaultID>films3d-colorlightcoral-rayflix-color</defaultID>
		<label>Films 3D</label>
		<label2>Favoris</label2>
		<icon>special://skin/extras/icons/folder.png</icon>
		<thumb>special://skin/extras/icons/3dtv.png</thumb>
		<action>ActivateWindow(10025,"plugin://plugin.video.vstream/?function=showMenu&amp;pasteID=18&amp;site=pastebin&amp;title=3%20Films%203D%20(Rayflix)",return)</action>
	</shortcut>
	<shortcut>
		<defaultID />
		<label>Films [COLOR lightcoral](Genres)[/COLOR]</label>
		<label2>Extensions Vidéo</label2>
		<icon>DefaultShortcut.png</icon>
		<thumb>special://skin/extras/icons/genre.png</thumb>
		<action>ActivateWindow(Videos,"plugin://plugin.video.vstream/?site=pastebin&amp;function=showGenres&amp;title=Films+%28Genres%29&amp;siteUrl=https%3A%2F%2Fpastebin.com%2Fraw%2F%26numPage%3D1%26sMedia%3Dfilm%26pasteID%3D1&amp;sFav=showGenres",return)</action>
	</shortcut>
	<shortcut>
		<defaultID />
		<label>Films [COLOR lightcoral](Saga)[/COLOR]</label>
		<label2>Extensions Vidéo</label2>
		<icon>DefaultShortcut.png</icon>
		<thumb>special://skin/extras/icons/director.png</thumb>
		<action>ActivateWindow(Videos,"plugin://plugin.video.vstream/?site=pastebin&amp;function=showSaga&amp;title=Films+%28Saga%29&amp;siteUrl=https%3A%2F%2Fpastebin.com%2Fraw%2F%26numPage%3D1%26sMedia%3Dfilm%26pasteID%3D1&amp;sFav=showSaga",return)</action>
	</shortcut>
	<shortcut>
		<defaultID />
		<label>Films [COLOR lightcoral](Par années)[/COLOR]</label>
		<label2>Extensions Vidéo</label2>
		<icon>DefaultShortcut.png</icon>
		<thumb>special://skin/extras/icons/calendar2.png</thumb>
		<action>ActivateWindow(Videos,"plugin://plugin.video.vstream/?site=pastebin&amp;function=showYears&amp;title=Films+%28Par+ann%C3%A9es%29&amp;siteUrl=https%3A%2F%2Fpastebin.com%2Fraw%2F%26numPage%3D1%26sMedia%3Dfilm%26pasteID%3D1&amp;sFav=showYears",return)</action>
	</shortcut>
	<shortcut>
		<defaultID />
		<label>Films Adultes</label>
		<label2>Extensions Vidéo</label2>
		<icon>DefaultShortcut.png</icon>
		<thumb>special://skin/extras/icons/locked.png</thumb>
		<action>ActivateWindow(Videos,"plugin://plugin.video.vstream/?site=pastebin&amp;function=showMenu&amp;title=Adultes&amp;pasteID=4",return)</action>
	</shortcut>
	<shortcut>
		<defaultID />
		<label>[COLOR coral]Mettre à jour tous les contenus[/COLOR]</label>
		<label2>Extensions Vidéo</label2>
		<icon>DefaultShortcut.png</icon>
		<thumb>special://skin/extras/icons/download.png</thumb>
		<action>ActivateWindow(Videos,"plugin://plugin.video.vstream/?site=pastebin&amp;function=refreshAllPaste&amp;title=%5BCOLOR+coral%5DMettre+%C3%A0+jour+tous+les+contenus%5B%2FCOLOR%5D&amp;sFav=refreshAllPaste",return)</action>
	</shortcut>
</shortcuts>
