<shortcuts>
	<shortcut>
		<defaultID>filmsnouveaute</defaultID>
		<label>Films Nouveautés</label>
		<label2>Elément personnalisé</label2>
		<icon>special://skin/extras/icons/folder.png</icon>
		<thumb />
		<action>ActivateWindow(Videos,videodb://movies/tags/210/,return)</action>
		</shortcut>
	<shortcut>
		<defaultID>boxoffice2021-top50</defaultID>
		<label>Box Office 2021 - TOP 50</label>
		<label2 />
		<icon>special://skin/extras/icons/folder.png</icon>
		<thumb />
		<action>ActivateWindow(Videos,videodb://movies/tags/203/,return)</action>
		</shortcut>
	<shortcut>
		<defaultID>number-2021</defaultID>
		<label>Films 2021</label>
		<label2>Elément personnalisé</label2>
		<icon>special://skin/extras/icons/folder.png</icon>
		<thumb />
		<action>ActivateWindow(Videos,videodb://movies/years/2021/,return)</action>
		</shortcut>
	<shortcut>
		<defaultID>filmscultes-populaires</defaultID>
		<label>Films Cultes: Populaires</label>
		<label2 />
		<icon>special://skin/extras/icons/folder.png</icon>
		<thumb />
		<action>ActivateWindow(Videos,videodb://movies/tags/13/,return)</action>
		</shortcut>
	</shortcuts>
