<shortcuts>
	<shortcut>
		<defaultID>ray-films1-iytndvja0</defaultID>
		<label>Films Nouveautés</label>
		<label2>Elément personnalisé</label2>
		<icon>special://skin/extras/icons/folder.png</icon>
		<thumb />
		<action>ActivateWindow(Videos,videodb://movies/tags/361/,return)</action>
		</shortcut>
	<shortcut>
		<defaultID>boxoffice2021-top50</defaultID>
		<label>Box Office 2021 - TOP 50</label>
		<label2 />
		<icon>special://skin/extras/icons/folder.png</icon>
		<thumb />
		<action>ActivateWindow(Videos,videodb://movies/tags/203/,return)</action>
		</shortcut>
	<shortcut>
		<defaultID>alko-films1-op4unmg13</defaultID>
		<label>Films Alko</label>
		<label2>Elément personnalisé</label2>
		<icon>special://skin/extras/icons/folder.png</icon>
		<thumb />
		<action>ActivateWindow(Videos,videodb://movies/tags/383/,return)</action>
		</shortcut>
	<shortcut>
		<defaultID>jon-filmshdremux2-83mxlcui3</defaultID>
		<label>Films Korner007</label>
		<label2>Elément personnalisé</label2>
		<icon>special://skin/extras/icons/folder.png</icon>
		<thumb />
		<action>ActivateWindow(Videos,videodb://movies/tags/368/,return)</action>
		</shortcut>
	<shortcut>
		<defaultID>passion-films1-rjmwrboj2</defaultID>
		<label>Films Passionflix</label>
		<label2>Elément personnalisé</label2>
		<icon>special://skin/extras/icons/folder.png</icon>
		<thumb />
		<action>ActivateWindow(Videos,videodb://movies/tags/355/,return)</action>
		</shortcut>
	<shortcut>
		<defaultID>filmscultes-populaires</defaultID>
		<label>Films Cultes: Populaires</label>
		<label2 />
		<icon>special://skin/extras/icons/folder.png</icon>
		<thumb />
		<action>ActivateWindow(Videos,videodb://movies/tags/13/,return)</action>
		</shortcut>
	</shortcuts>
