<shortcuts>
	<shortcut>
		<defaultID>jon-filmsanimation-apno25iz8</defaultID>
		<label>Nouveautés</label>
		<label2>Elément personnalisé</label2>
		<icon>special://skin/extras/icons/folder.png</icon>
		<thumb />
		<action>ActivateWindow(Videos,videodb://movies/tags/370/,return)</action>
		</shortcut>
	<shortcut>
		<defaultID>filmsanimation</defaultID>
		<label>Films Animation</label>
		<label2>Elément personnalisé</label2>
		<icon>special://skin/extras/icons/folder.png</icon>
		<thumb />
		<action>ActivateWindow(Videos,videodb://movies/tags/323/,return)</action>
		</shortcut>
	<shortcut>
		<defaultID>dreamworks</defaultID>
		<label>DreamWorks</label>
		<label2 />
		<icon>special://skin/extras/icons/folder.png</icon>
		<thumb />
		<action>ActivateWindow(Videos,videodb://movies/tags/241/,return)</action>
		</shortcut>
	<shortcut>
		<defaultID>disney</defaultID>
		<label>Disney</label>
		<label2 />
		<icon>special://skin/extras/icons/folder.png</icon>
		<thumb />
		<action>ActivateWindow(Videos,videodb://movies/tags/66/,return)</action>
		</shortcut>
	</shortcuts>
