<shortcuts>
	<shortcut>
		<defaultID>disneynature</defaultID>
		<label>Disney Nature</label>
		<label2 />
		<icon>special://skin/extras/icons/folder.png</icon>
		<thumb />
		<action>ActivateWindow(Videos,videodb://movies/tags/243/,return)</action>
		</shortcut>
	<shortcut>
		<defaultID>documentaires</defaultID>
		<label>Documentaires</label>
		<label2 />
		<icon>special://skin/extras/icons/folder.png</icon>
		<thumb />
		<action>ActivateWindow(Videos,videodb://movies/tags/30/,return)</action>
		</shortcut>
	<shortcut>
		<defaultID>seriesdocs</defaultID>
		<label>Series Docs</label>
		<label2 />
		<icon>special://skin/extras/icons/folder.png</icon>
		<thumb />
		<action>ActivateWindow(Videos,videodb://tvshows/tags/315/,return)</action>
		</shortcut>
	<shortcut>
		<defaultID>dossierdocs</defaultID>
		<label>Docs</label>
		<label2>Elément personnalisé</label2>
		<icon>special://skin/extras/icons/folder.png</icon>
		<thumb />
		<action>ActivateWindow(Videos,videodb://movies/tags/322/,return)</action>
		</shortcut>
	</shortcuts>
