<shortcuts>
	<shortcut>
		<defaultID>script.globalsearch</defaultID>
		<label>Recherche</label>
		<label2>Programme</label2>
		<icon>DefaultAddon.png</icon>
		<thumb>special://skin/extras/icons/search.png</thumb>
		<action>RunAddOn(script.globalsearch)</action>
		</shortcut>
	<shortcut>
		<defaultID>movies</defaultID>
		<label>20342</label>
		<label2>Common Shortcut</label2>
		<icon>special://skin/extras/icons/film.png</icon>
		<thumb>special://skin/extras/icons/film.png</thumb>
		<action>ActivateWindow(Videos,MovieTitles,return)</action>
		</shortcut>
	<shortcut>
		<defaultID>tvshows</defaultID>
		<label>20343</label>
		<label2>Common Shortcut</label2>
		<icon>special://skin/extras/icons/tv.png</icon>
		<thumb>special://skin/extras/icons/tv.png</thumb>
		<action>ActivateWindow(Videos,TVShowTitles,return)</action>
		</shortcut>
	<shortcut>
		<defaultID />
		<label>Dessins Animès</label>
		<label2>Elément personnalisé</label2>
		<icon>DefaultShortcut.png</icon>
		<thumb>special://skin/extras/icons/castle.png</thumb>
		<action>noop</action>
		</shortcut>
	<shortcut>
		<defaultID />
		<label>Spectacles</label>
		<label2>Elément personnalisé</label2>
		<icon>DefaultShortcut.png</icon>
		<thumb>special://skin/extras/icons/person2.png</thumb>
		<action>noop</action>
		</shortcut>
	<shortcut>
		<defaultID />
		<label>Documentaires</label>
		<label2>Elément personnalisé</label2>
		<icon>DefaultShortcut.png</icon>
		<thumb>special://skin/extras/icons/musicvideo.png</thumb>
		<action>noop</action>
		</shortcut>
	<shortcut>
		<defaultID>1036</defaultID>
		<label>1036</label>
		<label2>Elément de menu commun</label2>
		<icon>special://skin/extras/icons/favourites2.png</icon>
		<thumb>special://skin/extras/icons/top100.png</thumb>
		<action>ActivateWindow(Favourites)</action>
		</shortcut>
	<shortcut>
		<defaultID />
		<label>Les Listes Films</label>
		<label2>Vidéos</label2>
		<icon>DefaultShortcut.png</icon>
		<thumb>special://skin/extras/icons/years.png</thumb>
		<action>ActivateWindow(Videos,"library://video/movies/tags.xml/",return)</action>
		</shortcut>
	<shortcut>
		<defaultID />
		<label>Les Listes Séries</label>
		<label2>Vidéos</label2>
		<icon>DefaultShortcut.png</icon>
		<thumb>special://skin/extras/icons/years.png</thumb>
		<action>ActivateWindow(Videos,"library://video/tvshows/tags.xml/",return)</action>
		</shortcut>
	<shortcut>
		<defaultID>livetv</defaultID>
		<label>$SKIN[31275|skin.cosmic|None]</label>
		<label2>Common Shortcut</label2>
		<icon>special://skin/extras/icons/livetv.png</icon>
		<thumb>special://skin/extras/icons/livetv.png</thumb>
		<action>ActivateWindow(TVChannels)</action>
		<visible>PVR.HasTVChannels</visible>
		</shortcut>
	<shortcut>
		<defaultID>settings</defaultID>
		<label>5</label>
		<label2>Common Shortcut</label2>
		<icon>special://skin/extras/icons/settings.png</icon>
		<thumb>special://skin/extras/icons/settings.png</thumb>
		<action>ActivateWindow(Settings)</action>
		</shortcut>
	<shortcut>
		<defaultID>13012</defaultID>
		<label>13012</label>
		<label2>Common Shortcut</label2>
		<icon>special://skin/extras/icons/power.png</icon>
		<thumb>special://skin/extras/icons/power.png</thumb>
		<action>Quit()</action>
		</shortcut>
	</shortcuts>
