<shortcuts>
	<shortcut>
		<defaultID>filmsspectacles</defaultID>
		<label>Spectacles</label>
		<label2>Elément personnalisé</label2>
		<icon>special://skin/extras/icons/folder.png</icon>
		<thumb />
		<action>ActivateWindow(Videos,videodb://movies/tags/326/,return)</action>
		</shortcut>
	<shortcut>
		<defaultID>humoristes</defaultID>
		<label>Humoristes</label>
		<label2 />
		<icon>special://skin/extras/icons/folder.png</icon>
		<thumb />
		<action>ActivateWindow(Videos,videodb://movies/tags/35/,return)</action>
		</shortcut>
	<shortcut>
		<defaultID>filmsconcerts</defaultID>
		<label>Concerts</label>
		<label2>Elément personnalisé</label2>
		<icon>special://skin/extras/icons/folder.png</icon>
		<thumb />
		<action>ActivateWindow(Videos,videodb://movies/tags/325/,return)</action>
		</shortcut>
	</shortcuts>
