<shortcuts>
	<shortcut>
		<defaultID />
		<label>Les Listes</label>
		<label2>Vidéos</label2>
		<icon>DefaultShortcut.png</icon>
		<thumb>special://skin/extras/icons/years.png</thumb>
		<action>ActivateWindow(Videos,"library://video/tvshows/tags.xml/",return)</action>
		</shortcut>
	<shortcut>
		<defaultID>20387</defaultID>
		<label>20387</label>
		<label2>Vidéos</label2>
		<icon>DefaultRecentlyAddedEpisodes.png</icon>
		<thumb />
		<action>ActivateWindow(Videos,videodb://recentlyaddedepisodes/,return)</action>
		</shortcut>
	<shortcut>
		<defaultID>369</defaultID>
		<label>369</label>
		<label2>Séries TV</label2>
		<icon>DefaultTVShowTitle.png</icon>
		<thumb />
		<action>ActivateWindow(Videos,videodb://tvshows/titles/,return)</action>
		</shortcut>
	<shortcut>
		<defaultID>135</defaultID>
		<label>135</label>
		<label2>Séries TV</label2>
		<icon>DefaultGenre.png</icon>
		<thumb />
		<action>ActivateWindow(Videos,videodb://tvshows/genres/,return)</action>
		</shortcut>
	<shortcut>
		<defaultID>562</defaultID>
		<label>562</label>
		<label2>Séries TV</label2>
		<icon>DefaultYear.png</icon>
		<thumb />
		<action>ActivateWindow(Videos,videodb://tvshows/years/,return)</action>
		</shortcut>
	<shortcut>
		<defaultID>344</defaultID>
		<label>344</label>
		<label2>Séries TV</label2>
		<icon>DefaultActor.png</icon>
		<thumb />
		<action>ActivateWindow(Videos,videodb://tvshows/actors/,return)</action>
		</shortcut>
	</shortcuts>
