<shortcuts>
	<shortcut>
		<defaultID>lesnouveautes</defaultID>
		<label>Séries Nouveautés</label>
		<label2>Elément personnalisé</label2>
		<icon>special://skin/extras/icons/folder.png</icon>
		<thumb />
		<action>ActivateWindow(Videos,videodb://tvshows/tags/295/,return)</action>
		</shortcut>
	<shortcut>
		<defaultID>number-2021</defaultID>
		<label>Séries 2021</label>
		<label2>Elément personnalisé</label2>
		<icon>special://skin/extras/icons/folder.png</icon>
		<thumb />
		<action>ActivateWindow(Videos,videodb://tvshows/years/2021/,return)</action>
		</shortcut>
	<shortcut>
		<defaultID>01-seriesdumoment</defaultID>
		<label>Séries du moment</label>
		<label2>Elément personnalisé</label2>
		<icon>special://skin/extras/icons/folder.png</icon>
		<thumb />
		<action>ActivateWindow(Videos,videodb://tvshows/tags/259/,return)</action>
		</shortcut>
	<shortcut>
		<defaultID>04-mini-series</defaultID>
		<label>Mini-séries</label>
		<label2>Elément personnalisé</label2>
		<icon>special://skin/extras/icons/folder.png</icon>
		<thumb />
		<action>ActivateWindow(Videos,videodb://tvshows/tags/267/,return)</action>
		</shortcut>
	</shortcuts>
