<shortcuts>
	<shortcut>
		<defaultID />
		<label>Menu </label>
		<label2>Extensions Vidéo</label2>
		<icon>DefaultShortcut.png</icon>
		<thumb>special://skin/extras/icons/playlist.png</thumb>
		<action>ActivateWindow(Videos,"plugin://plugin.video.vstream/?site=pastebin&amp;function=showMenu&amp;title=Films&amp;pasteID=29&amp;sMedia=film&amp;sFav=showMenu",return)</action>
	</shortcut>
	<shortcut>
		<defaultID />
		<label>Recherche</label>
		<label2>Elément personnalisé</label2>
		<icon>DefaultShortcut.png</icon>
		<thumb>special://skin/extras/icons/search.png</thumb>
		<action>ActivateWindow(Videos,"plugin://plugin.video.vstream/?site=pastebin&amp;function=showSearch&amp;title=Recherche+&amp;siteUrl=https%3A%2F%2Fpastebin.com%2Fraw%2F%26pasteID%3D29%26sMedia%3Dfilm%26sSearch%3D&amp;sFav=showSearch",return)</action>
	</shortcut>
	<shortcut>
		<defaultID />
		<label>Listes</label>
		<label2>Extensions Vidéo</label2>
		<icon>DefaultShortcut.png</icon>
		<thumb>special://skin/extras/icons/clipboard.png</thumb>
		<action>ActivateWindow(Videos,"plugin://plugin.video.vstream/?site=pastebin&amp;function=showGroupes&amp;title=Films+&amp;siteUrl=https%3A%2F%2Fpastebin.com%2Fraw%2F%26numPage%3D1%26sMedia%3Dfilm%26pasteID%3D29&amp;sFav=showGroupes",return)</action>
	</shortcut>
	<shortcut>
		<defaultID />
		<label>Genres</label>
		<label2>Extensions Vidéo</label2>
		<icon>DefaultShortcut.png</icon>
		<thumb>special://skin/extras/icons/genre.png</thumb>
		<action>ActivateWindow(Videos,"plugin://plugin.video.vstream/?site=pastebin&amp;function=showGenres&amp;title=Films+&amp;siteUrl=https%3A%2F%2Fpastebin.com%2Fraw%2F%26numPage%3D1%26sMedia%3Dfilm%26pasteID%3D29&amp;sFav=showGenres",return)</action>
	</shortcut>
</shortcuts>
