<?xml version='1.0' encoding='UTF-8'?>
<shortcuts>
	<shortcut>
		<defaultID />
		<label>Menu</label>
		<label2>Extensions Vidéo</label2>
		<icon>DefaultShortcut.png</icon>
		<thumb>special://skin/extras/icons/playlist.png</thumb>
		<action>ActivateWindow(Videos,"plugin://plugin.video.vstream/?site=pastebin&amp;function=showMenu&amp;title=Films&amp;pasteID=1",return)</action>
	</shortcut>
	<shortcut>
		<defaultID />
		<label>Recherche </label>
		<label2>Extensions Vidéo</label2>
		<icon>DefaultShortcut.png</icon>
		<thumb>special://skin/extras/icons/search.png</thumb>
		<action>ActivateWindow(Videos,"plugin://plugin.video.vstream/?site=pastebin&amp;function=showSearch&amp;title=Recherche+%28Films%29&amp;siteUrl=https%3A%2F%2Fpastebin.com%2Fraw%2F%26pasteID%3D1%26sMedia%3Dfilm%26sSearch%3D&amp;sFav=showSearch",return)</action>
	</shortcut>
	<shortcut>
		<defaultID />
		<label>Listes</label>
		<label2>Extensions Vidéo</label2>
		<icon>DefaultShortcut.png</icon>
		<thumb>special://skin/extras/icons/years.png</thumb>
		<action>ActivateWindow(Videos,"plugin://plugin.video.vstream/?site=pastebin&amp;function=showGroupes&amp;title=Films+%28Listes%29&amp;siteUrl=https%3A%2F%2Fpastebin.com%2Fraw%2F%26numPage%3D1%26sMedia%3Dfilm%26pasteID%3D1&amp;sFav=showGroupes",return)</action>
	</shortcut>
	<shortcut>
		<defaultID />
		<label>Films - Box-office/Tortueland</label>
		<label2>Extensions Vidéo</label2>
		<icon>DefaultShortcut.png</icon>
		<thumb>special://skin/extras/icons/videos.png</thumb>
		<action>ActivateWindow(Videos,"plugin://plugin.video.live.streamspro/?url=%24doregex%5Bmakelist%5D&amp;mode=17&amp;regexs=%7Bu%27makelist%27%3A%20%7B%27listrepeat%27%3A%20u%27%5Cr%5Cn%20%3Ctitle%3E%5Bmakelist.param1%5D%3C/title%3E%20%5Cr%5Cn%20%20%3Cthumbnail%3Ehttps%3A//www.eos.to/posters/%5Bmakelist.param5%5D-small.jpg%7CAccept%3A%20image/webp%26amp%3BAccept-Language%3A%20fr%2Cfr-FR%3Bq%3D0.8%2Cen-US%3Bq%3D0.5%2Cen%3Bq%3D0.3%3C/thumbnail%3E%5Cr%5Cn%20%20%20%3Cfanart%3Ehttps%3A//www.eos.to/posters/%5Bmakelist.param5%5D-backdrop.jpg%7CAccept%3A%20image/webp%26amp%3BAccept-Language%3A%20fr%2Cfr-FR%3Bq%3D0.8%2Cen-US%3Bq%3D0.5%2Cen%3Bq%3D0.3%3C/fanart%3E%5Cr%5Cn%20%20%20%3Cgenre%3E%5Bmakelist.param4%5D%3C/genre%3E%20%5Cr%5Cn%20%20%20%3Cinfo%3E%5BCR%5D%5Bmakelist.param3%5D%5BCR%5D%5Bmakelist.param7%5D%5BCR%5D%5BCOLOR%20aqua%5D%5Bmakelist.param4%5D%5B/COLOR%5D%3C/info%3E%5Cr%5Cn%20%20%20%3Clink%3Eignoreme%3C/link%3E%5Cr%5Cn%20%20%3Cexternallink%3Ehttp%3A//pibox.alwaysdata.net/boxozone/NEW_SM/test999.php%3Fallo%3D%5Bmakelist.param5%5D%3C/externallink%3E%5Cr%5Cn%20%20%27%2C%20%27expres%27%3A%20u%27%5C%5C%24T%22%28.%2B%3F%29%22TL%22%28%5B%5E%5C%5C%22%5D%2A%29%22LI%22%28.%2A%3F%29%22IG%22%28..%5B%5Ec%5D%5B%5E%5C%5C%22%5D%2A%29%22GV%22%28%5B%5E%5C%5C%22%5D%2A%29%22VBA%22%28%5B%5E%5C%5C%22%5D%2A%29%22VI2%22%28%5B%5E%5C%5C%22%5D%2A%29%27%2C%20%27name%27%3A%20u%27makelist%27%2C%20%27agent%27%3A%20u%27Mozilla/5.0%20%28Windows%20NT%206.1%3B%20WOW64%29%20AppleWebKit/537.36%20%28KHTML%2C%20like%20Gecko%29%20Chrome/52.0.2743.ll6%20Safari/537.36%27%2C%20%27page%27%3A%20u%27https%3A//pastebin.com/raw/rYQbQeFG%27%7D%7D&amp;iconimage=https%3A%2F%2Fwww.milannight.com%2Fv2%2Fwp-content%2Fuploads%2F2019%2F12%2FBox-Office.jpg",return)</action>
	</shortcut>
	<shortcut>
		<defaultID />
		<label>Films - Cultes/Tortueland</label>
		<label2>Extensions Vidéo</label2>
		<icon>DefaultShortcut.png</icon>
		<thumb>special://skin/extras/icons/videoplay.png</thumb>
		<action>ActivateWindow(Videos,"plugin://plugin.video.live.streamspro/?url=%24doregex%5Bmakelist%5D&amp;mode=17&amp;regexs=%7Bu%27makelist%27%3A%20%7B%27listrepeat%27%3A%20u%27%5Cr%5Cn%20%3Ctitle%3E%5Bmakelist.param1%5D%3C/title%3E%20%5Cr%5Cn%20%20%3Cthumbnail%3Ehttps%3A//www.eos.to/posters/%5Bmakelist.param5%5D-small.jpg%7CAccept%3A%20image/webp%26amp%3BAccept-Language%3A%20fr%2Cfr-FR%3Bq%3D0.8%2Cen-US%3Bq%3D0.5%2Cen%3Bq%3D0.3%3C/thumbnail%3E%5Cr%5Cn%20%20%20%3Cfanart%3Ehttps%3A//www.eos.to/posters/%5Bmakelist.param5%5D-backdrop.jpg%7CAccept%3A%20image/webp%26amp%3BAccept-Language%3A%20fr%2Cfr-FR%3Bq%3D0.8%2Cen-US%3Bq%3D0.5%2Cen%3Bq%3D0.3%3C/fanart%3E%5Cr%5Cn%20%20%20%3Cgenre%3E%5Bmakelist.param4%5D%3C/genre%3E%20%5Cr%5Cn%20%20%20%3Cinfo%3E%5BCR%5D%5Bmakelist.param3%5D%5BCR%5D%5Bmakelist.param7%5D%5BCR%5D%5BCOLOR%20aqua%5D%5Bmakelist.param4%5D%5B/COLOR%5D%3C/info%3E%5Cr%5Cn%20%20%20%3Clink%3Eignoreme%3C/link%3E%5Cr%5Cn%20%20%3Cexternallink%3Ehttp%3A//pibox.alwaysdata.net/boxozone/NEW_SM/test999.php%3Fallo%3D%5Bmakelist.param5%5D%3C/externallink%3E%5Cr%5Cn%20%20%27%2C%20%27expres%27%3A%20u%27%5C%5C%24T%22%28.%2B%3F%29%22TL%22%28%5B%5E%5C%5C%22%5D%2A%29%22LI%22%28.%2A%3F%29%22IG%22%28..%5B%5Ec%5D%5B%5E%5C%5C%22%5D%2A%29%22GV%22%28%5B%5E%5C%5C%22%5D%2A%29%22VBA%22%28%5B%5E%5C%5C%22%5D%2A%29%22VI2%22%28%5B%5E%5C%5C%22%5D%2A%29%27%2C%20%27name%27%3A%20u%27makelist%27%2C%20%27agent%27%3A%20u%27Mozilla/5.0%20%28Windows%20NT%206.1%3B%20WOW64%29%20AppleWebKit/537.36%20%28KHTML%2C%20like%20Gecko%29%20Chrome/52.0.2743.ll6%20Safari/537.36%27%2C%20%27page%27%3A%20u%27https%3A//pastebin.com/raw/NEZy1KT9%27%7D%7D&amp;iconimage=https%3A%2F%2Fforum-poker-academie.s3.dualstack.eu-west-1.amazonaws.com%2Foriginal%2F3X%2F7%2F3%2F73436ded7c2b8f5cc27b14ea9c5bc78ce72348eb.jpg",return)</action>
	</shortcut>
	<shortcut>
		<defaultID />
		<label>Films - Nouveautes/Tortueland</label>
		<label2>Extensions Vidéo</label2>
		<icon>DefaultShortcut.png</icon>
		<thumb>special://skin/extras/icons/cinemavision.png</thumb>
		<action>ActivateWindow(Videos,"plugin://plugin.video.live.streamspro/?url=%24doregex%5Bmakelist%5D&amp;mode=17&amp;regexs=%7Bu%27makelist%27%3A%20%7B%27listrepeat%27%3A%20u%27%5Cr%5Cn%20%3Ctitle%3E%5Bmakelist.param1%5D%3C/title%3E%20%5Cr%5Cn%20%20%3Cthumbnail%3Ehttps%3A//www.eos.to/posters/%5Bmakelist.param5%5D-small.jpg%7CAccept%3A%20image/webp%26amp%3BAccept-Language%3A%20fr%2Cfr-FR%3Bq%3D0.8%2Cen-US%3Bq%3D0.5%2Cen%3Bq%3D0.3%3C/thumbnail%3E%5Cr%5Cn%20%20%20%3Cfanart%3Ehttps%3A//www.eos.to/posters/%5Bmakelist.param5%5D-backdrop.jpg%7CAccept%3A%20image/webp%26amp%3BAccept-Language%3A%20fr%2Cfr-FR%3Bq%3D0.8%2Cen-US%3Bq%3D0.5%2Cen%3Bq%3D0.3%3C/fanart%3E%5Cr%5Cn%20%20%20%3Cgenre%3E%5Bmakelist.param4%5D%3C/genre%3E%20%5Cr%5Cn%20%20%20%3Cinfo%3E%5BCR%5D%5Bmakelist.param3%5D%5BCR%5D%5Bmakelist.param7%5D%5BCR%5D%5BCOLOR%20aqua%5D%5Bmakelist.param4%5D%5B/COLOR%5D%3C/info%3E%5Cr%5Cn%20%20%20%3Clink%3Eignoreme%3C/link%3E%5Cr%5Cn%20%20%3Cexternallink%3Ehttp%3A//pibox.alwaysdata.net/boxozone/NEW_SM/test999.php%3Fallo%3D%5Bmakelist.param5%5D%3C/externallink%3E%5Cr%5Cn%20%20%27%2C%20%27expres%27%3A%20u%27%5C%5C%24T%22%28.%2B%3F%29%22TL%22%28%5B%5E%5C%5C%22%5D%2A%29%22LI%22%28.%2A%3F%29%22IG%22%28..%5B%5Ec%5D%5B%5E%5C%5C%22%5D%2A%29%22GV%22%28%5B%5E%5C%5C%22%5D%2A%29%22VBA%22%28%5B%5E%5C%5C%22%5D%2A%29%22VI2%22%28%5B%5E%5C%5C%22%5D%2A%29%27%2C%20%27name%27%3A%20u%27makelist%27%2C%20%27agent%27%3A%20u%27Mozilla/5.0%20%28Windows%20NT%206.1%3B%20WOW64%29%20AppleWebKit/537.36%20%28KHTML%2C%20like%20Gecko%29%20Chrome/52.0.2743.ll6%20Safari/537.36%27%2C%20%27page%27%3A%20u%27http%3A//pibox.alwaysdata.net/boxozone/oooSKRAPESooo/hdsNOUVEAU3.txt%27%7D%7D&amp;iconimage=https%3A%2F%2Fpng.pngtree.com%2Fpng-clipart%2F20190516%2Foriginal%2Fpngtree-movie-cinema-entertainment-logo-with-neon-sign-effect-vector-illustration-png-image_3669645.jpg",return)</action>
	</shortcut>
	<shortcut>
		<defaultID />
		<label>Genres</label>
		<label2>Extensions Vidéo</label2>
		<icon>DefaultShortcut.png</icon>
		<thumb>special://skin/extras/icons/genres.png</thumb>
		<action>ActivateWindow(Videos,"plugin://plugin.video.vstream/?site=pastebin&amp;function=showGenres&amp;title=Films+%28Genres%29&amp;siteUrl=https%3A%2F%2Fpastebin.com%2Fraw%2F%26numPage%3D1%26sMedia%3Dfilm%26pasteID%3D1&amp;sFav=showGenres",return)</action>
	</shortcut>
	<shortcut>
		<defaultID />
		<label>Saga</label>
		<label2>Extensions Vidéo</label2>
		<icon>DefaultShortcut.png</icon>
		<thumb>special://skin/extras/icons/cinemavision.png</thumb>
		<action>ActivateWindow(Videos,"plugin://plugin.video.vstream/?site=pastebin&amp;function=showSaga&amp;title=Films+%28Saga%29&amp;siteUrl=https%3A%2F%2Fpastebin.com%2Fraw%2F%26numPage%3D1%26sMedia%3Dfilm%26pasteID%3D1&amp;sFav=showSaga",return)</action>
	</shortcut>
	<shortcut>
		<defaultID />
		<label>Par années</label>
		<label2>Extensions Vidéo</label2>
		<icon>DefaultShortcut.png</icon>
		<thumb>special://skin/extras/icons/calendar2.png</thumb>
		<action>ActivateWindow(Videos,"plugin://plugin.video.vstream/?site=pastebin&amp;function=showYears&amp;title=Films+%28Par+ann%C3%A9es%29&amp;siteUrl=https%3A%2F%2Fpastebin.com%2Fraw%2F%26numPage%3D1%26sMedia%3Dfilm%26pasteID%3D1&amp;sFav=showYears",return)</action>
	</shortcut>
	<shortcut>
		<defaultID />
		<label>Ordre alphabétique</label>
		<label2>Extensions Vidéo</label2>
		<icon>DefaultShortcut.png</icon>
		<thumb>special://skin/extras/icons/abc.png</thumb>
		<action>ActivateWindow(Videos,"plugin://plugin.video.vstream/?site=pastebin&amp;function=AlphaList&amp;title=Films+%28Ordre+alphab%C3%A9tique%29&amp;siteUrl=https%3A%2F%2Fpastebin.com%2Fraw%2F%26numPage%3D1%26sMedia%3Dfilm%26pasteID%3D1&amp;sFav=AlphaList",return)</action>
	</shortcut>
	<shortcut>
		<defaultID />
		<label>Films VO</label>
		<label2>Extensions Vidéo</label2>
		<icon>DefaultShortcut.png</icon>
		<thumb>special://skin/extras/icons/cinemavision.png</thumb>
		<action>ActivateWindow(Videos,"plugin://plugin.video.vstream/?site=pastebin&amp;function=showMenu&amp;title=Films+VO&amp;pasteID=20",return)</action>
	</shortcut>
	<shortcut>
		<defaultID />
		<label>Realisateurs Fr</label>
		<label2>Extensions Vidéo</label2>
		<icon>DefaultShortcut.png</icon>
		<thumb>special://skin/extras/icons/cinemavision.png</thumb>
		<action>ActivateWindow(Videos,"plugin://plugin.video.vstream/?site=pastebin&amp;function=showMenu&amp;title=Realisateurs+Fr&amp;pasteID=18",return)</action>
	</shortcut>
	<shortcut>
		<defaultID />
		<label>Adultes</label>
		<label2>Extensions Vidéo</label2>
		<icon>DefaultShortcut.png</icon>
		<thumb>special://skin/extras/icons/disabled.png</thumb>
		<action>ActivateWindow(Videos,"plugin://plugin.video.vstream/?site=pastebin&amp;function=showMenu&amp;title=Adultes&amp;pasteID=5",return)</action>
	</shortcut>
</shortcuts>
