{
    "name": "Uptobox",
    "plugin": "plugin.video.vstream",
    "priority": 1000,
    "assert": {
        "search_movie": [
            "title"
        ],
        "search_episode": [
            "showname"
        ]
    },
    "search_movie": [
        "plugin://plugin.video.vstream/?function=showSearch&site=siteuptobox&title=Recherche&siteUrl=http%3A%2F%2Fvenom%2F&action=activate&searchtext={title}",
        {
            "keyboard": "Select"
        },
        {
            "keyboard": "{title}"
        }
    ],
    "search_episode": [
        "plugin://plugin.video.vstream/?function=showSearch&site=siteuptobox&title=Recherche&siteUrl=http%3A%2F%2Fvenom%2F&action=activate&searchtext={showname}",
        {
            "keyboard": "Select"
        },
        {
            "keyboard": "{showname}"
        }
    ],
    "disabled": "true"
}