<?xml version='1.0' encoding='UTF-8'?>
<shortcuts>
	<shortcut>
		<defaultID />
		<label>Menu</label>
		<label2>Extensions Vidéo</label2>
		<icon>DefaultShortcut.png</icon>
		<thumb>special://skin/extras/icons/playlist.png</thumb>
		<action>ActivateWindow(Videos,"plugin://plugin.video.vstream/?site=pastebin&amp;function=showMenu&amp;title=anime&amp;pasteID=4",return)</action>
	</shortcut>
	<shortcut>
		<defaultID />
		<label>Recherche</label>
		<label2>Extensions Vidéo</label2>
		<icon>DefaultShortcut.png</icon>
		<thumb>special://skin/extras/icons/search.png</thumb>
		<action>ActivateWindow(Videos,"plugin://plugin.video.vstream/?site=pastebin&amp;function=showSearch&amp;title=Recherche+%28Animes%29&amp;siteUrl=https%3A%2F%2Fpastebin.com%2Fraw%2F%26pasteID%3DPASTE_ID%26sMedia%3Danime%26sSearch%3D&amp;sFav=showSearch",return)</action>
	</shortcut>
	<shortcut>
		<defaultID />
		<label>Listes</label>
		<label2>Extensions Vidéo</label2>
		<icon>DefaultShortcut.png</icon>
		<thumb>special://skin/extras/icons/years.png</thumb>
		<action>ActivateWindow(Videos,"plugin://plugin.video.vstream/?site=pastebin&amp;function=showGroupes&amp;title=Films+%28Listes%29&amp;siteUrl=https%3A%2F%2Fpastebin.com%2Fraw%2F%26numPage%3D1%26sMedia%3Dfilm%26pasteID%3D4&amp;sFav=showGroupes",return)</action>
	</shortcut>
	<shortcut>
		<defaultID />
		<label>Disney</label>
		<label2>Extensions Vidéo</label2>
		<icon>DefaultShortcut.png</icon>
		<thumb>special://skin/extras/icons/babygirl.png</thumb>
		<action>ActivateWindow(Videos,"plugin://plugin.video.vstream/?site=pastebin&amp;function=showMovies&amp;title=Disney&amp;siteUrl=https%3A%2F%2Fpastebin.com%2Fraw%2F%26numPage%3D1%26sMedia%3Dfilm%26pasteID%3D4%26sGroupe%3DDisney&amp;sFav=showMovies",return)</action>
	</shortcut>
	<shortcut>
		<defaultID />
		<label>Intégrale Hayao Miyazaki et des studios Ghibli</label>
		<label2>Extensions Vidéo</label2>
		<icon>DefaultShortcut.png</icon>
		<thumb>special://skin/extras/icons/babyboy.png</thumb>
		<action>ActivateWindow(Videos,"plugin://plugin.video.vstream/?site=pastebin&amp;function=showMovies&amp;title=Int%C3%A9grale+Hayao+Miyazaki+et+des+studios+Ghibli&amp;siteUrl=https%3A%2F%2Fpastebin.com%2Fraw%2F%26numPage%3D1%26sMedia%3Dfilm%26pasteID%3D4%26sGroupe%3DInt%C3%A9grale+Hayao+Miyazaki+et+des+studios+Ghibli&amp;sFav=showMovies",return)</action>
	</shortcut>
	<shortcut>
		<defaultID />
		<label>DreamWork</label>
		<label2>Extensions Vidéo</label2>
		<icon>DefaultShortcut.png</icon>
		<thumb>special://skin/extras/icons/babygirl.png</thumb>
		<action>ActivateWindow(Videos,"plugin://plugin.video.vstream/?site=pastebin&amp;function=showMovies&amp;title=DreamWork&amp;siteUrl=https%3A%2F%2Fpastebin.com%2Fraw%2F%26numPage%3D1%26sMedia%3Dfilm%26pasteID%3D4%26sGroupe%3DDreamWork&amp;sFav=showMovies",return)</action>
	</shortcut>
	<shortcut>
		<defaultID />
		<label>Looney Tunes Golden Collection</label>
		<label2>Extensions Vidéo</label2>
		<icon>DefaultShortcut.png</icon>
		<thumb>special://skin/extras/icons/diamond.png</thumb>
		<action>ActivateWindow(Videos,"plugin://plugin.video.vstream/?site=pastebin&amp;function=showMovies&amp;title=Looney+Tunes+Golden+Collection&amp;siteUrl=https%3A%2F%2Fpastebin.com%2Fraw%2F%26numPage%3D1%26sMedia%3Dfilm%26pasteID%3D4%26sGroupe%3DLooney+Tunes+Golden+Collection&amp;sFav=showMovies",return)</action>
	</shortcut>
	<shortcut>
		<defaultID />
		<label>Tom et Jerry</label>
		<label2>Extensions Vidéo</label2>
		<icon>DefaultShortcut.png</icon>
		<thumb>special://skin/extras/icons/woman.png</thumb>
		<action>ActivateWindow(Videos,"plugin://plugin.video.vstream/?site=pastebin&amp;function=showMovies&amp;title=Tom+et+Jerry&amp;siteUrl=https%3A%2F%2Fpastebin.com%2Fraw%2F%26numPage%3D1%26sMedia%3Dfilm%26pasteID%3D4%26sGroupe%3DTom+et+Jerry&amp;sFav=showMovies",return)</action>
	</shortcut>
</shortcuts>
