<?xml version='1.0' encoding='UTF-8'?>
<shortcuts>
	<shortcut>
		<defaultID />
		<label>Mangas Films</label>
		<label2>Extensions Vidéo</label2>
		<icon>DefaultShortcut.png</icon>
		<thumb>special://skin/extras/icons/cinemavision.png</thumb>
		<action>ActivateWindow(Videos,"plugin://plugin.video.vstream/?site=pastebin&amp;function=showMovies&amp;title=Mangas+Films&amp;siteUrl=https%3A%2F%2Fpastebin.com%2Fraw%2F%26numPage%3D1%26sMedia%3Dfilm%26pasteID%3D4%26sGroupe%3DMangas+Films&amp;sFav=showMovies",return)</action>
	</shortcut>
	<shortcut>
		<defaultID />
		<label>Mangas OAV</label>
		<label2>Extensions Vidéo</label2>
		<icon>DefaultShortcut.png</icon>
		<thumb>special://skin/extras/icons/cinemavision.png</thumb>
		<action>ActivateWindow(Videos,"plugin://plugin.video.vstream/?site=pastebin&amp;function=showGroupeDetails&amp;title=Mangas+OAV&amp;siteUrl=https%3A%2F%2Fpastebin.com%2Fraw%2F%26numPage%3D1%26sMedia%3Dfilm%26pasteID%3D4%26sGroupe%3DMangas+OAV&amp;sFav=showGroupeDetails",return)</action>
	</shortcut>
</shortcuts>
