<?xml version='1.0' encoding='UTF-8'?>
<shortcuts>
	<shortcut>
		<defaultID />
		<label>TV [COLOR lightskyblue](Sources)[/COLOR]</label>
		<label2>Extensions Vidéo</label2>
		<icon>DefaultShortcut.png</icon>
		<thumb>special://skin/extras/icons/tv.png</thumb>
		<action>ActivateWindow(Videos,"plugin://plugin.video.vstream/?site=freebox&amp;function=showIptvSite&amp;title=TV+%28Sources%29&amp;siteUrl=%28True%2C+%27showIptvSite%27%29&amp;sFav=showIptvSite",return)</action>
	</shortcut>
	<shortcut>
		<defaultID />
		<label>Généralistes</label>
		<label2>Extensions Vidéo</label2>
		<icon>DefaultShortcut.png</icon>
		<thumb>special://skin/extras/icons/tv.png</thumb>
		<action>ActivateWindow(Videos,"plugin://plugin.video.vstream/?site=channelstream&amp;function=showMovies&amp;title=G%C3%A9n%C3%A9ralistes&amp;sFiltre=Cha%C3%AEne+de+t%C3%A9l%C3%A9vision+g%C3%A9n%C3%A9raliste&amp;siteUrl=https%3A%2F%2Fchannelstream.watch%2Fchaine-tv.php&amp;sFav=showMovies",return)</action>
	</shortcut>
	<shortcut>
		<defaultID />
		<label>Cinéma</label>
		<label2>Extensions Vidéo</label2>
		<icon>DefaultShortcut.png</icon>
		<thumb>special://skin/extras/icons/director.png</thumb>
		<action>ActivateWindow(Videos,"plugin://plugin.video.vstream/?site=channelstream&amp;function=showMovies&amp;title=Cin%C3%A9ma&amp;sFiltre=Cha%C3%AEne+consacr%C3%A9e+aux+Film&amp;siteUrl=https%3A%2F%2Fchannelstream.watch%2Fchaine-tv.php&amp;sFav=showMovies",return)</action>
	</shortcut>
	<shortcut>
		<defaultID />
		<label>Sport</label>
		<label2>Extensions Vidéo</label2>
		<icon>DefaultShortcut.png</icon>
		<thumb>special://skin/extras/icons/basketball.png</thumb>
		<action>ActivateWindow(Videos,"plugin://plugin.video.vstream/?site=channelstream&amp;function=showMovies&amp;title=Sport&amp;sFiltre=Cha%C3%AEne+Sportive&amp;siteUrl=https%3A%2F%2Fchannelstream.watch%2Fchaine-tv.php&amp;sFav=showMovies",return)</action>
	</shortcut>
	<shortcut>
		<defaultID />
		<label>Science et Nature</label>
		<label2>Extensions Vidéo</label2>
		<icon>DefaultShortcut.png</icon>
		<thumb>special://skin/extras/icons/eye.png</thumb>
		<action>ActivateWindow(Videos,"plugin://plugin.video.vstream/?site=channelstream&amp;function=showMovies&amp;title=Science+et+Nature&amp;sFiltre=Cha%C3%AEne+ax%C3%A9s+sur+les+sciences&amp;siteUrl=https%3A%2F%2Fchannelstream.watch%2Fchaine-tv.php&amp;sFav=showMovies",return)</action>
	</shortcut>
	<shortcut>
		<defaultID />
		<label>Radio</label>
		<label2>Extensions Vidéo</label2>
		<icon>special://skin/extras/icons/radio.png</icon>
		<thumb>special://skin/extras/icons/equalizer.png</thumb>
		<action>ActivateWindow(Videos,"plugin://plugin.video.vstream/?site=radio&amp;function=showWeb&amp;title=Radio&amp;siteUrl=https%3A%2F%2Fraw.githubusercontent.com%2FKodi-vStream%2Fvenom-xbmc-addons%2Fmaster%2Frepo%2Fresources%2Fradio.m3u&amp;sFav=showWeb",return)</action>
	</shortcut>
</shortcuts>
