<shortcuts>
	<shortcut>
		<defaultID>10134</defaultID>
		<label>10134</label>
		<label2 />
		<icon>resource://resource.images.skinicons.wide/favourites.png</icon>
		<thumb />
		<action>ActivateWindow(favourites)</action>
		</shortcut>
	<shortcut>
		<defaultID />
		<label>vStream - En cours de visionnage</label>
		<label2>Elément personnalisé</label2>
		<icon>DefaultShortcut.png</icon>
		<thumb />
		<action>ActivateWindow(Videos,"plugin://plugin.video.vstream/?site=cViewing&amp;function=getViewing&amp;title=En+cours+de+visionnage&amp;siteUrl=http%3A%2F%2Fvenom&amp;sFav=getViewing",return)</action>
		</shortcut>
	<shortcut>
		<defaultID />
		<label>U2pPlay Films- En cours de visionnage</label>
		<label2>Extensions Vidéo</label2>
		<icon>DefaultShortcut.png</icon>
		<thumb>image://special%3a%2f%2fhome%2faddons%2fplugin.video.sendtokodiU2P%2fresources%2fpng%2fMon%20historique.png/</thumb>
		<action>ActivateWindow(Videos,"plugin://plugin.video.sendtokodiU2P/?action=MenuFilm&amp;famille=Mon+historique",return)</action>
		</shortcut>
	<shortcut>
		<defaultID />
		<label>U2pPlay Séries - En cours de visionnage </label>
		<label2>Extensions Vidéo</label2>
		<icon>DefaultShortcut.png</icon>
		<thumb>image://special%3a%2f%2fhome%2faddons%2fplugin.video.sendtokodiU2P%2fresources%2fpng%2fMon%20historique.png/</thumb>
		<action>ActivateWindow(Videos,"plugin://plugin.video.sendtokodiU2P/?action=MenuSerie&amp;famille=Mon+historique",return)</action>
		</shortcut>
	<shortcut>
		<defaultID />
		<label>Mes favoris Films U2pPlay</label>
		<label2>Extensions Vidéo</label2>
		<icon>DefaultShortcut.png</icon>
		<thumb>image://special%3a%2f%2fhome%2faddons%2fplugin.video.sendtokodiU2P%2fresources%2fpng%2fliste.png/</thumb>
		<action>ActivateWindow(Videos,"plugin://plugin.video.sendtokodiU2P/?action=MenuFilm&amp;famille=Mes+favoris+HK",return)</action>
		</shortcut>
	<shortcut>
		<defaultID />
		<label>Mes favoris Séries U2pPlay</label>
		<label2>Extensions Vidéo</label2>
		<icon>DefaultShortcut.png</icon>
		<thumb>image://special%3a%2f%2fhome%2faddons%2fplugin.video.sendtokodiU2P%2fresources%2fpng%2fliste.png/</thumb>
		<action>ActivateWindow(Videos,"plugin://plugin.video.sendtokodiU2P/?action=MenuSerie&amp;famille=Mes+favoris+HK",return)</action>
		</shortcut>
	</shortcuts>
