<shortcuts>
	<shortcut>
		<defaultID />
		<label>Recherche</label>
		<label2>Extensions Vidéo</label2>
		<icon>special://home/addons/resource.images.skinicons.wide/resources/musicsearch.png</icon>
		<thumb>image://special%3a%2f%2fhome%2faddons%2fplugin.video.vstream%2fresources%2fart%2fsearch.png/</thumb>
		<action>ActivateWindow(Videos,"plugin://plugin.video.vstream/?site=cHome&amp;function=showSearchText&amp;title=Recherche&amp;siteUrl=http%3A%2F%2Fvenom&amp;sFav=showSearchText",return)</action>
		</shortcut>
	<shortcut>
		<defaultID>10000</defaultID>
		<label>10000</label>
		<label2>Accueil</label2>
		<icon>shortcuts/home.png</icon>
		<thumb />
		<action>ActivateWindow(home,return)</action>
		<visible>String.IsEqual(Skin.String(HomeLayout),bingie)</visible>
		</shortcut>
	<shortcut>
		<defaultID>320032</defaultID>
		<label>320032</label>
		<label2>New &amp; Popular</label2>
		<icon>shortcuts/new.png</icon>
		<thumb />
		<action>ActivateWindow(1112,return)</action>
		<visible>String.IsEqual(Skin.String(HomeLayout),bingie)</visible>
		</shortcut>
	<shortcut>
		<defaultID>tvshows</defaultID>
		<label>20343</label>
		<label2>Séries TV</label2>
		<icon>shortcuts/tv.png</icon>
		<thumb>$INFO[Window(Home).Property(SkinHelper.AllTvShowsBackground)]</thumb>
		<action>ActivateWindow(1110,return)</action>
		</shortcut>
	<shortcut>
		<defaultID>movies</defaultID>
		<label>342</label>
		<label2>Films</label2>
		<icon>shortcuts/clapperboard.png</icon>
		<thumb>$INFO[Window(Home).Property(SkinHelper.AllMoviesBackground)]</thumb>
		<action>ActivateWindow(1111,return)</action>
		</shortcut>
	<shortcut>
		<defaultID>31534</defaultID>
		<label>$SKIN[31534|skin.titan.bingie.mod|None]</label>
		<label2>Ma liste</label2>
		<icon>shortcuts/mylist.png</icon>
		<thumb />
		<action>ActivateWindow(1114,return)</action>
		<visible>String.IsEqual(Skin.String(HomeLayout),bingie)</visible>
		</shortcut>
	<shortcut>
		<defaultID>320027</defaultID>
		<label>Sauvegarde Skin</label>
		<label2>Play Something</label2>
		<icon>shortcuts/something.png</icon>
		<thumb />
		<action>ActivateWindow(1118,return)</action>
		<visible>String.IsEqual(Skin.String(HomeLayout),bingie)</visible>
		</shortcut>
	<shortcut>
		<defaultID>settings</defaultID>
		<label>10004</label>
		<label2>Paramètres</label2>
		<icon>resource://resource.images.skinicons.wide/settings.png</icon>
		<thumb />
		<action>ActivateWindow(Settings)</action>
		<visible>!String.IsEqual(Skin.String(HomeLayout),bingie)</visible>
		</shortcut>
	</shortcuts>
