<shortcuts>
	<shortcut>
		<defaultID />
		<label>Replay</label>
		<label2>Extensions Vidéo</label2>
		<icon>DefaultShortcut.png</icon>
		<thumb>image://resource%3a%2f%2fresource.images.catchuptvandmore%2fchannels%2ffr.png/</thumb>
		<action>ActivateWindow(Videos,"plugin://plugin.video.catchuptvandmore/resources/lib/main/generic_menu/?_pickle_=8004953a000000000000007d94288c075f7469746c655f948c064672616e6365948c08786d6c74765f6964944e8c076974656d5f6964948c0966725f7265706c617994752e",return)</action>
		</shortcut>
	<shortcut>
		<defaultID />
		<label>Top chef</label>
		<label2>Extensions Vidéo</label2>
		<icon>DefaultShortcut.png</icon>
		<thumb>image://https%3a%2f%2fimages.6play.fr%2fv1%2fimages%2f3639313%2fraw/</thumb>
		<action>ActivateWindow(Videos,"plugin://plugin.video.catchuptvandmore/resources/lib/channels/fr/6play/list_program_categories/?_pickle_=8004953c000000000000007d94288c075f7469746c655f948c08546f702063686566948c076974656d5f6964948c026d36948c0a70726f6772616d5f6964948c0338373294752e",return)</action>
		</shortcut>
	</shortcuts>
