<shortcuts>
	<shortcut>
		<defaultID />
		<label>Accueil</label>
		<label2>Elément personnalisé</label2>
		<icon>DefaultShortcut.png</icon>
		<thumb />
		<action>noop</action>
		</shortcut>
	<shortcut>
		<defaultID>movies</defaultID>
		<label>20342</label>
		<label2>Elément personnalisé</label2>
		<icon>special://skin/extras/icons/film.png</icon>
		<thumb>special://skin/extras/icons/film.png</thumb>
		<action>ActivateWindow(Videos,"plugin://plugin.video.sendtokodiU2P/?action=MenuFilm&amp;famille=Groupes+Contrib",return)</action>
		</shortcut>
	<shortcut>
		<defaultID>tvshows</defaultID>
		<label>20343</label>
		<label2>Elément personnalisé</label2>
		<icon>special://skin/extras/icons/tv.png</icon>
		<thumb>special://skin/extras/icons/tv.png</thumb>
		<action>ActivateWindow(Videos,"plugin://plugin.video.sendtokodiU2P/?action=MenuSerie&amp;famille=Groupes+Contrib",return)</action>
		</shortcut>
	<shortcut>
		<defaultID />
		<label>Dessins Animès</label>
		<label2>Elément personnalisé</label2>
		<icon>DefaultShortcut.png</icon>
		<thumb>special://skin/extras/icons/castle.png</thumb>
		<action>noop</action>
		</shortcut>
	<shortcut>
		<defaultID>1037</defaultID>
		<label>Spectacles</label>
		<label2>Elément personnalisé</label2>
		<icon>special://skin/extras/icons/video-addons.png</icon>
		<thumb>special://skin/extras/icons/compilations.png</thumb>
		<action>noop</action>
		</shortcut>
	<shortcut>
		<defaultID />
		<label>Concerts</label>
		<label2>Elément personnalisé</label2>
		<icon>DefaultShortcut.png</icon>
		<thumb>special://skin/extras/icons/audiogenre.png</thumb>
		<action>noop</action>
		</shortcut>
	<shortcut>
		<defaultID />
		<label>Documentaires</label>
		<label2>Elément personnalisé</label2>
		<icon>DefaultShortcut.png</icon>
		<thumb>special://skin/extras/icons/musicvideo.png</thumb>
		<action>noop</action>
		</shortcut>
	<shortcut>
		<defaultID />
		<label>Sports</label>
		<label2>Extensions Vidéo</label2>
		<icon>DefaultShortcut.png</icon>
		<thumb>special://skin/extras/icons/basketball.png</thumb>
		<action>ActivateWindow(Videos,"plugin://plugin.video.sendtokodiU2P/?action=MenuDivers&amp;repo=sports",return)</action>
		</shortcut>
	<shortcut>
		<defaultID>livetv</defaultID>
		<label>$SKIN[31275|skin.cosmic|None]</label>
		<label2>Common Shortcut</label2>
		<icon>special://skin/extras/icons/livetv.png</icon>
		<thumb>special://skin/extras/icons/livetv.png</thumb>
		<action>ActivateWindow(TVChannels)</action>
		<visible>PVR.HasTVChannels</visible>
		</shortcut>
	<shortcut>
		<defaultID>settings</defaultID>
		<label>5</label>
		<label2>Common Shortcut</label2>
		<icon>special://skin/extras/icons/settings.png</icon>
		<thumb>special://skin/extras/icons/settings.png</thumb>
		<action>ActivateWindow(Settings)</action>
		</shortcut>
	<shortcut>
		<defaultID>13012</defaultID>
		<label>13012</label>
		<label2>Common Shortcut</label2>
		<icon>special://skin/extras/icons/power.png</icon>
		<thumb>special://skin/extras/icons/power.png</thumb>
		<action>Quit()</action>
		</shortcut>
	</shortcuts>
