<shortcuts>
	<shortcut>
		<defaultID>tmdbmovies</defaultID>
		<label>TMDb Movies</label>
		<label2>Prédéfini</label2>
		<icon>special://skin/extras/icons/film.png</icon>
		<thumb />
		<action>DefaultSearch-TMDBMovies</action>
		</shortcut>
	<shortcut>
		<defaultID>tmdbshows</defaultID>
		<label>TMDb Shows</label>
		<label2>Prédéfini</label2>
		<icon>special://skin/extras/icons/tv.png</icon>
		<thumb />
		<action>DefaultSearch-TMDBShows</action>
		</shortcut>
	<shortcut>
		<defaultID>tmdbpeople</defaultID>
		<label>TMDb People</label>
		<label2>Prédéfini</label2>
		<icon>special://skin/extras/icons/person3.png</icon>
		<thumb />
		<action>DefaultSearch-TMDBPeople</action>
		</shortcut>
	</shortcuts>
