<shortcuts>
	<shortcut>
		<defaultID />
		<label>Mise a jour Skin</label>
		<label2>Elément personnalisé</label2>
		<icon>DefaultShortcut.png</icon>
		<thumb />
		<action>RunScript(special://home/userdata/addon_data/Scripts/maj.py)</action>
		</shortcut>
	<shortcut>
		<defaultID />
		<label>[COLOR lightcoral]Forcer la mise à jour des contenus[/COLOR]</label>
		<label2>Extensions Vidéo</label2>
		<icon>DefaultShortcut.png</icon>
		<thumb>image://special%3a%2f%2fhome%2faddons%2fplugin.video.vstream%2fresources%2fart%2fdownload.png/</thumb>
		<action>ActivateWindow(Videos,"plugin://plugin.video.vstream/?site=pastebin&amp;function=refreshAllPaste&amp;title=Forcer+la+mise+%C3%A0+jour+des+contenus&amp;sFav=refreshAllPaste",return)</action>
		</shortcut>
	<shortcut>
		<defaultID />
		<label>Sauvegarde Skin </label>
		<label2>Elément personnalisé</label2>
		<icon>DefaultShortcut.png</icon>
		<thumb />
		<action>RunScript(special://home/userdata/addon_data/Scripts/skin_save1.py)</action>
		</shortcut>
	<shortcut>
		<defaultID />
		<label>Restauration Skin</label>
		<label2>Elément personnalisé</label2>
		<icon>DefaultShortcut.png</icon>
		<thumb />
		<action>noopRunScript(special://home/userdata/addon_data/Scripts/skin_restor1.py)</action>
		</shortcut>
	</shortcuts>
