<shortcuts>
	<shortcut>
		<defaultID>7</defaultID>
		<label>7</label>
		<label2>Power Shortcut</label2>
		<icon>special://skin/extras/icons/filebox.png</icon>
		<thumb />
		<action>ActivateWindow(filemanager)</action>
		</shortcut>
	<shortcut>
		<defaultID>24001</defaultID>
		<label>24001</label>
		<label2>Power Shortcut</label2>
		<icon>special://skin/extras/icons/addon.png</icon>
		<thumb />
		<action>ActivateWindow(addonbrowser)</action>
		</shortcut>
	<shortcut>
		<defaultID>5</defaultID>
		<label>5</label>
		<label2>Power Shortcut</label2>
		<icon>special://skin/extras/icons/settings.png</icon>
		<thumb />
		<action>ActivateWindow(interfacesettings)</action>
		</shortcut>
	<shortcut>
		<defaultID>13009</defaultID>
		<label>13009</label>
		<label2>Power Shortcut</label2>
		<icon>special://skin/extras/icons/power.png</icon>
		<thumb />
		<action>Quit()</action>
		</shortcut>
	</shortcuts>
