<shortcuts>
	<shortcut>
		<defaultID>plugin.video.vstream</defaultID>
		<label>vStream</label>
		<label2>Extensions Vidéo</label2>
		<icon>DefaultShortcut.png</icon>
		<thumb>thumb</thumb>
		<action>ActivateWindow(Videos,"plugin://plugin.video.vstream",return)</action>
		</shortcut>
	<shortcut>
		<defaultID>plugin.video.themoviedb.helper</defaultID>
		<label>TheMovieDb Helper</label>
		<label2>Extensions Vidéo</label2>
		<icon>DefaultShortcut.png</icon>
		<thumb>thumb</thumb>
		<action>ActivateWindow(Videos,"plugin://plugin.video.themoviedb.helper",return)</action>
		</shortcut>
	<shortcut>
		<defaultID />
		<label>[COLOR lightcoral]Dossiers Pastebin[/COLOR]</label>
		<label2>Extensions Vidéo</label2>
		<icon>DefaultShortcut.png</icon>
		<thumb>image://special%3a%2f%2fhome%2faddons%2fplugin.video.vstream%2fresources%2fart%2fnotes.png/</thumb>
		<action>ActivateWindow(Videos,"plugin://plugin.video.vstream/?site=pastebin&amp;function=showMenuFolder&amp;title=G%C3%A9rer+les+codes&amp;sFav=showMenuFolder",return)</action>
		</shortcut>
	<shortcut>
		<defaultID />
		<label>[COLOR violet]PasteBin[/COLOR]</label>
		<label2>Extensions Vidéo</label2>
		<icon>DefaultShortcut.png</icon>
		<thumb>image://special%3a%2f%2fhome%2faddons%2fplugin.video.vstream%2fresources%2fart%2fsites%2fpastebin.png/</thumb>
		<action>ActivateWindow(Videos,"plugin://plugin.video.vstream/?site=pastebin&amp;function=load&amp;title=PasteBin&amp;siteUrl=http%3A%2F%2Fvenom&amp;sFav=load",return)</action>
		</shortcut>
	</shortcuts>
