<shortcuts>
	<shortcut>
		<defaultID />
		<label>Accueil</label>
		<label2>Elément personnalisé</label2>
		<icon>DefaultShortcut.png</icon>
		<thumb>special://skin/extras/icons/eye.png</thumb>
		<action>noop</action>
		</shortcut>
	<shortcut>
		<defaultID />
		<label>Favoris</label>
		<label2>Elément personnalisé</label2>
		<icon>DefaultShortcut.png</icon>
		<thumb>special://skin/extras/icons/top100.png</thumb>
		<action>ActivateWindow(favourites)</action>
		</shortcut>
	<shortcut>
		<defaultID>movies</defaultID>
		<label>20342</label>
		<label2>Elément personnalisé</label2>
		<icon>special://skin/extras/icons/film.png</icon>
		<thumb />
		<action>noop</action>
		</shortcut>
	<shortcut>
		<defaultID>tvshows</defaultID>
		<label>20343</label>
		<label2>Elément personnalisé</label2>
		<icon>special://skin/extras/icons/tv.png</icon>
		<thumb />
		<action>noop</action>
		</shortcut>
	<shortcut>
		<defaultID />
		<label>Dessins Animés</label>
		<label2>Elément personnalisé</label2>
		<icon>DefaultShortcut.png</icon>
		<thumb>special://skin/extras/icons/boy.png</thumb>
		<action>noop</action>
		</shortcut>
	<shortcut>
		<defaultID>livetv</defaultID>
		<label>32022</label>
		<label2>Elément de menu commun</label2>
		<icon>special://skin/extras/icons/tv.png</icon>
		<thumb>special://skin/extras/icons/livetv.png</thumb>
		<action>ActivateWindow(TVGuide)</action>
		</shortcut>
	<shortcut>
		<defaultID />
		<label>Réglages</label>
		<label2>Elément personnalisé</label2>
		<icon>DefaultShortcut.png</icon>
		<thumb>special://skin/extras/icons/addons.png</thumb>
		<action>noop</action>
		</shortcut>
	</shortcuts>
