<shortcuts>
	<shortcut>
		<defaultID />
		<label>Genres</label>
		<label2>Extensions Vidéo</label2>
		<icon>DefaultShortcut.png</icon>
		<thumb>special://skin/extras/icons/genre.png</thumb>
		<action>ActivateWindow(Videos,"plugin://plugin.video.sendtokodiU2P/?action=genresHK&amp;typM=tvshow",return)</action>
		</shortcut>
	<shortcut>
		<defaultID />
		<label>Diffuseurs</label>
		<label2>Extensions Vidéo</label2>
		<icon>DefaultShortcut.png</icon>
		<thumb>special://skin/extras/icons/amazon.png</thumb>
		<action>ActivateWindow(Videos,"plugin://plugin.video.sendtokodiU2P/?action=mediasHKSeries&amp;network=1",return)</action>
		</shortcut>
	<shortcut>
		<defaultID>31904</defaultID>
		<label>Séries par thèmes</label>
		<label2>Elément personnalisé</label2>
		<icon>special://skin/extras/icons/clipboard.png</icon>
		<thumb />
		<action>ActivateWindow(1103,return)</action>
		</shortcut>
	<shortcut>
		<defaultID />
		<label>alko séries</label>
		<label2>Extensions Vidéo</label2>
		<icon>DefaultShortcut.png</icon>
		<thumb>special://skin/extras/icons/bookmark.png</thumb>
		<action>ActivateWindow(Videos,"plugin://plugin.video.sendtokodiU2P/?action=mediasHKSeries&amp;listeT=alko+s%C3%A9ries",return)</action>
		</shortcut>
	<shortcut>
		<defaultID />
		<label>Ray Séries</label>
		<label2>Extensions Vidéo</label2>
		<icon>DefaultShortcut.png</icon>
		<thumb>image://special%3a%2f%2fhome%2faddons%2fplugin.video.sendtokodiU2P%2fresources%2fpng%2fgroupe.png/</thumb>
		<action>ActivateWindow(Videos,"plugin://plugin.video.sendtokodiU2P/?action=mediasHKSeries&amp;listeT=series+ray",return)</action>
		</shortcut>
	</shortcuts>
