<shortcuts>
	<shortcut>
		<defaultID />
		<label>Super heros séries</label>
		<label2>Extensions Vidéo</label2>
		<icon>DefaultShortcut.png</icon>
		<thumb>image://special%3a%2f%2fhome%2faddons%2fplugin.video.sendtokodiU2P%2fresources%2fpng%2fliste.png/</thumb>
		<action>ActivateWindow(Videos,"plugin://plugin.video.sendtokodiU2P/?action=mediasHKSeries&amp;famille=groupes&amp;offset=0&amp;nom=superheros+series",return)</action>
		</shortcut>
	<shortcut>
		<defaultID />
		<label>Séries jeunes ados</label>
		<label2>Extensions Vidéo</label2>
		<icon>DefaultShortcut.png</icon>
		<thumb>image://special%3a%2f%2fhome%2faddons%2fplugin.video.sendtokodiU2P%2fresources%2fpng%2fliste.png/</thumb>
		<action>ActivateWindow(Videos,"plugin://plugin.video.sendtokodiU2P/?action=mediasHKSeries&amp;famille=groupes&amp;offset=0&amp;nom=serie+jeunes+ados",return)</action>
		</shortcut>
	<shortcut>
		<defaultID />
		<label>Séries rétro</label>
		<label2>Extensions Vidéo</label2>
		<icon>DefaultShortcut.png</icon>
		<thumb>image://special%3a%2f%2fhome%2faddons%2fplugin.video.sendtokodiU2P%2fresources%2fpng%2fliste.png/</thumb>
		<action>ActivateWindow(Videos,"plugin://plugin.video.sendtokodiU2P/?action=mediasHKSeries&amp;famille=groupes&amp;offset=0&amp;nom=serie+avant+2000",return)</action>
		</shortcut>
	<shortcut>
		<defaultID />
		<label>Sci-Fi (Series)</label>
		<label2>Extensions Vidéo</label2>
		<icon>DefaultShortcut.png</icon>
		<thumb>image://special%3a%2f%2fhome%2faddons%2fplugin.video.sendtokodiU2P%2fresources%2fpng%2fliste.png/</thumb>
		<action>ActivateWindow(Videos,"plugin://plugin.video.sendtokodiU2P/?action=MenuTrakt&amp;numliste=10313168&amp;nb=49",return)</action>
		</shortcut>
	<shortcut>
		<defaultID />
		<label>Crime (Series)</label>
		<label2>Extensions Vidéo</label2>
		<icon>DefaultShortcut.png</icon>
		<thumb>image://special%3a%2f%2fhome%2faddons%2fplugin.video.sendtokodiU2P%2fresources%2fpng%2fliste.png/</thumb>
		<action>ActivateWindow(Videos,"plugin://plugin.video.sendtokodiU2P/?action=MenuTrakt&amp;numliste=10313164&amp;nb=50",return)</action>
		</shortcut>
	<shortcut>
		<defaultID />
		<label>Serie Drame</label>
		<label2>Extensions Vidéo</label2>
		<icon>DefaultShortcut.png</icon>
		<thumb>image://special%3a%2f%2fhome%2faddons%2fplugin.video.sendtokodiU2P%2fresources%2fpng%2fliste.png/</thumb>
		<action>ActivateWindow(Videos,"plugin://plugin.video.sendtokodiU2P/?action=MenuTrakt&amp;numliste=9641033&amp;nb=32",return)</action>
		</shortcut>
	<shortcut>
		<defaultID />
		<label>Serie Historique</label>
		<label2>Extensions Vidéo</label2>
		<icon>DefaultShortcut.png</icon>
		<thumb>image://special%3a%2f%2fhome%2faddons%2fplugin.video.sendtokodiU2P%2fresources%2fpng%2fliste.png/</thumb>
		<action>ActivateWindow(Videos,"plugin://plugin.video.sendtokodiU2P/?action=MenuTrakt&amp;numliste=9641035&amp;nb=33",return)</action>
		</shortcut>
	<shortcut>
		<defaultID />
		<label>Serie Fantastique/Fantasy</label>
		<label2>Extensions Vidéo</label2>
		<icon>DefaultShortcut.png</icon>
		<thumb>image://special%3a%2f%2fhome%2faddons%2fplugin.video.sendtokodiU2P%2fresources%2fpng%2fliste.png/</thumb>
		<action>ActivateWindow(Videos,"plugin://plugin.video.sendtokodiU2P/?action=MenuTrakt&amp;numliste=9641017&amp;nb=35",return)</action>
		</shortcut>
	<shortcut>
		<defaultID />
		<label>Serie Science-fiction</label>
		<label2>Extensions Vidéo</label2>
		<icon>DefaultShortcut.png</icon>
		<thumb>image://special%3a%2f%2fhome%2faddons%2fplugin.video.sendtokodiU2P%2fresources%2fpng%2fliste.png/</thumb>
		<action>ActivateWindow(Videos,"plugin://plugin.video.sendtokodiU2P/?action=MenuTrakt&amp;numliste=9641024&amp;nb=84",return)</action>
		</shortcut>
	<shortcut>
		<defaultID />
		<label>Serie Surnaturelle (fantastique, spirituel &amp; divin)</label>
		<label2>Extensions Vidéo</label2>
		<icon>DefaultShortcut.png</icon>
		<thumb>image://special%3a%2f%2fhome%2faddons%2fplugin.video.sendtokodiU2P%2fresources%2fpng%2fliste.png/</thumb>
		<action>ActivateWindow(Videos,"plugin://plugin.video.sendtokodiU2P/?action=MenuTrakt&amp;numliste=9641021&amp;nb=44",return)</action>
		</shortcut>
	<shortcut>
		<defaultID />
		<label>Serie Crime/Policier/Justice</label>
		<label2>Extensions Vidéo</label2>
		<icon>DefaultShortcut.png</icon>
		<thumb>image://special%3a%2f%2fhome%2faddons%2fplugin.video.sendtokodiU2P%2fresources%2fpng%2fliste.png/</thumb>
		<action>ActivateWindow(Videos,"plugin://plugin.video.sendtokodiU2P/?action=MenuTrakt&amp;numliste=9641031&amp;nb=80",return)</action>
		</shortcut>
	<shortcut>
		<defaultID />
		<label>My Crime+Thriller Series copy</label>
		<label2>Extensions Vidéo</label2>
		<icon>DefaultShortcut.png</icon>
		<thumb>image://special%3a%2f%2fhome%2faddons%2fplugin.video.sendtokodiU2P%2fresources%2fpng%2fliste.png/</thumb>
		<action>ActivateWindow(Videos,"plugin://plugin.video.sendtokodiU2P/?action=MenuTrakt&amp;numliste=20230884&amp;nb=184",return)</action>
		</shortcut>
	</shortcuts>
