<shortcuts>
	<shortcut>
		<defaultID />
		<label>Films - Nouveautés</label>
		<label2>Elément personnalisé</label2>
		<icon>DefaultShortcut.png</icon>
		<thumb>image://special%3a%2f%2fhome%2faddons%2fplugin.video.vstream%2fresources%2fart%2fnews.png/</thumb>
		<action>ActivateWindow(Videos,"plugin://plugin.video.vstream/?site=pastebin&amp;function=showTMDB&amp;title=Films+&amp;siteUrl=movie%2Fnow_playing&amp;sFav=showTMDB",return)</action>
		</shortcut>
	<shortcut>
		<defaultID />
		<label>Films - Derniers Ajouts</label>
		<label2>Elément personnalisé</label2>
		<icon>DefaultShortcut.png</icon>
		<thumb>image://special%3a%2f%2fhome%2faddons%2fplugin.video.sendtokodiU2P%2fresources%2fpng%2fliste.png/</thumb>
		<action>ActivateWindow(Videos,"plugin://plugin.video.vstream/?site=pastebin&amp;function=showMovies&amp;title=Films+&amp;siteUrl=https%3A%2F%2Fpastebin.com%2Fraw%2F%26numPage%3D1%26sMedia%3Dfilm%26bNews%3DTrue%26pasteID%3D42&amp;sFav=showMovies",return)</action>
		</shortcut>
	<shortcut>
		<defaultID />
		<label>Les Top Films</label>
		<label2>Extensions Vidéo</label2>
		<icon>DefaultShortcut.png</icon>
		<thumb>image://special%3a%2f%2fhome%2faddons%2fplugin.video.vstream%2fresources%2fart%2fgenres.png/</thumb>
		<action>ActivateWindow(Videos,"plugin://plugin.video.vstream/?site=pastebin&amp;function=showMovies&amp;title=LES+TOP&amp;siteUrl=https%3A%2F%2Fpastebin.com%2Fraw%2F%26numPage%3D1%26sMedia%3Dfilm%26sGroupe%3DLES+TOP&amp;sFav=showMovies",return)</action>
		</shortcut>
	<shortcut>
		<defaultID />
		<label>Films - Netflix</label>
		<label2>Extensions Vidéo</label2>
		<icon>DefaultShortcut.png</icon>
		<thumb>image://https%3a%2f%2fimage.tmdb.org%2ft%2fp%2foriginal%2ft2yyOv40HZeVlLjYsCsPHnWLk4W.jpg/</thumb>
		<action>ActivateWindow(Videos,"plugin://plugin.video.themoviedb.helper/?info=discover&amp;tmdb_type=movie&amp;with_watch_providers=8&amp;watch_region=FR&amp;with_id=True&amp;widget=true",return)</action>
		</shortcut>
	<shortcut>
		<defaultID />
		<label>Films - Mes recommandations</label>
		<label2>Extensions Vidéo</label2>
		<icon>DefaultShortcut.png</icon>
		<thumb>thumb</thumb>
		<action>ActivateWindow(Videos,"plugin://plugin.video.themoviedb.helper/?list_name=Mes+recommandations+Films&amp;list_slug=mes-recommandations-films&amp;user_slug=tortue83&amp;plugin_category=Mes+recommandations+Films&amp;owner=true&amp;widget=true&amp;tmdb_id=None&amp;info=trakt_userlist&amp;sort_by=rank&amp;sort_how=asc",return)</action>
		</shortcut>
	<shortcut>
		<defaultID />
		<label>Films - Les plus rentables</label>
		<label2>Extensions Vidéo</label2>
		<icon>DefaultShortcut.png</icon>
		<thumb>thumb</thumb>
		<action>ActivateWindow(Videos,"plugin://plugin.video.themoviedb.helper/?info=revenue_movies&amp;tmdb_type=movie&amp;widget=true",return)</action>
		</shortcut>
	<shortcut>
		<defaultID />
		<label>Films - Catastrophes</label>
		<label2>Extensions Vidéo</label2>
		<icon>DefaultShortcut.png</icon>
		<thumb>thumb</thumb>
		<action>ActivateWindow(Videos,"plugin://plugin.video.themoviedb.helper/?list_name=Disaster&amp;list_slug=disaster&amp;user_slug=29zombies&amp;plugin_category=Disaster&amp;widget=true&amp;tmdb_id=None&amp;info=trakt_userlist&amp;sort_by=rank&amp;sort_how=asc",return)</action>
		</shortcut>
	<shortcut>
		<defaultID />
		<label>Films - Policier</label>
		<label2>Extensions Vidéo</label2>
		<icon>DefaultShortcut.png</icon>
		<thumb>thumb</thumb>
		<action>ActivateWindow(Videos,"plugin://plugin.video.themoviedb.helper/?list_name=Cop+Movies&amp;list_slug=cop-movies&amp;user_slug=hammers-lists&amp;plugin_category=Cop+Movies&amp;widget=true&amp;tmdb_id=None&amp;info=trakt_userlist&amp;sort_by=rank&amp;sort_how=asc",return)</action>
		</shortcut>
	<shortcut>
		<defaultID />
		<label>Films - Horreur</label>
		<label2>Extensions Vidéo</label2>
		<icon>DefaultShortcut.png</icon>
		<thumb>image://special%3a%2f%2fhome%2faddons%2fplugin.video.sendtokodiU2P%2fresources%2fpng%2fgroupe.png/</thumb>
		<action>ActivateWindow(Videos,"plugin://plugin.video.sendtokodiU2P/?action=MenuFilm&amp;trakt=Les+plus+lik%C3%A9s",return)</action>
		</shortcut>
	</shortcuts>
