<shortcuts>
	<shortcut>
		<defaultID />
		<label>AuraMod</label>
		<label2>Elément personnalisé</label2>
		<icon>DefaultShortcut.png</icon>
		<thumb>special://skin/extras/icons/watched-show.png</thumb>
		<action>noop</action>
		</shortcut>
	<shortcut>
		<defaultID>1036</defaultID>
		<label>1036</label>
		<label2>Elément de menu commun</label2>
		<icon>special://skin/extras/icons/favourites.png</icon>
		<thumb>special://skin/extras/icons/top100.png</thumb>
		<action>ActivateWindow(Favourites)</action>
		</shortcut>
	<shortcut>
		<defaultID>weather</defaultID>
		<label>12600</label>
		<label2>Elément de menu commun</label2>
		<icon>special://skin/extras/icons/sun.png</icon>
		<thumb>special://skin/extras/icons/brightness.png</thumb>
		<action>ActivateWindow(Weather)</action>
		</shortcut>
	<shortcut>
		<defaultID />
		<label>Audio Book</label>
		<label2>Extensions Vidéo</label2>
		<icon>DefaultShortcut.png</icon>
		<thumb>special://skin/extras/icons/calendar.png</thumb>
		<action>ActivateWindow(Videos,"plugin://plugin.video.sendtokodiU2P/?action=MenuAudio",return)</action>
		</shortcut>
	</shortcuts>
