<shortcuts>
	<shortcut>
		<defaultID>1036</defaultID>
		<label>1036</label>
		<label2>Elément de menu commun</label2>
		<icon>special://skin/extras/icons/favourites.png</icon>
		<thumb>special://skin/extras/icons/top100.png</thumb>
		<action>ActivateWindow(Favourites)</action>
		</shortcut>
	<shortcut>
		<defaultID>31902</defaultID>
		<label>Télévision</label>
		<label2>Elément personnalisé</label2>
		<icon>special://skin/extras/icons/clipboard.png</icon>
		<thumb>special://skin/extras/icons/livetv.png</thumb>
		<action>ActivateWindow(1101,return)</action>
		</shortcut>
	<shortcut>
		<defaultID />
		<label>Paramètres</label>
		<label2>Elément personnalisé</label2>
		<icon>DefaultShortcut.png</icon>
		<thumb>special://skin/extras/icons/addons.png</thumb>
		<action>ActivateWindow(1107,return)</action>
		</shortcut>
	<shortcut>
		<defaultID>31903</defaultID>
		<label>vStream</label>
		<label2>Elément personnalisé</label2>
		<icon>special://skin/extras/icons/clipboard.png</icon>
		<thumb />
		<action>ActivateWindow(1102,return)</action>
		</shortcut>
	</shortcuts>
