<shortcuts>
	<shortcut>
		<defaultID>1036</defaultID>
		<label>1036</label>
		<label2>Elément de menu commun</label2>
		<icon>special://skin/extras/icons/favourites.png</icon>
		<thumb>special://skin/extras/icons/top100.png</thumb>
		<action>ActivateWindow(Favourites)</action>
		</shortcut>
	<shortcut>
		<defaultID />
		<label>Mise a jour</label>
		<label2>Elément personnalisé</label2>
		<icon>DefaultShortcut.png</icon>
		<thumb>special://skin/extras/icons/download_repo.png</thumb>
		<action>ActivateWindow(1107,return)</action>
		</shortcut>
	<shortcut>
		<defaultID>settings</defaultID>
		<label>10004</label>
		<label2>Paramètres</label2>
		<icon>DefaultShortcut.png</icon>
		<thumb>special://skin/extras/icons/addons.png</thumb>
		<action>ActivateWindow(Settings)</action>
		</shortcut>
	<shortcut>
		<defaultID>31903</defaultID>
		<label>vStream</label>
		<label2>Elément personnalisé</label2>
		<icon>special://skin/extras/icons/clipboard.png</icon>
		<thumb>special://skin/extras/backgrounds/live-tv-mainmenu-bg.jpg</thumb>
		<action>ActivateWindow(1102,return)</action>
		</shortcut>
	</shortcuts>
