<shortcuts>
	<shortcut>
		<defaultID />
		<label>Skin vStream</label>
		<label2>Elément personnalisé</label2>
		<icon>DefaultShortcut.png</icon>
		<thumb>special://skin/extras/icons/warning.png</thumb>
		<action>noop</action>
		</shortcut>
	<shortcut>
		<defaultID />
		<label>Chargement Skin Vstream</label>
		<label2>Elément personnalisé</label2>
		<icon>DefaultShortcut.png</icon>
		<thumb>special://skin/extras/icons/download_repo.png</thumb>
		<action>RunScript(special://home/userdata/addon_data/Scripts/auramod2.py)</action>
		</shortcut>
	<shortcut>
		<defaultID />
		<label>Chargement Skin U2pPlay</label>
		<label2>Elément personnalisé</label2>
		<icon>DefaultShortcut.png</icon>
		<thumb>special://skin/extras/icons/download_repo.png</thumb>
		<action>RunScript(special://home/userdata/addon_data/Scripts/auramod.py)</action>
		</shortcut>
	<shortcut>
		<defaultID />
		<label>Chargement Skin Trakt</label>
		<label2>Elément personnalisé</label2>
		<icon>DefaultShortcut.png</icon>
		<thumb>special://skin/extras/icons/download.png</thumb>
		<action>RunScript(special://home/userdata/addon_data/Scripts/trakt.py)</action>
		</shortcut>
	<shortcut>
		<defaultID />
		<label>UpToBox</label>
		<label2>Extensions Vidéo</label2>
		<icon>DefaultShortcut.png</icon>
		<thumb>image://special%3a%2f%2fhome%2faddons%2fplugin.video.vstream%2fresources%2fart%2fsites%2fsiteuptobox.png/</thumb>
		<action>ActivateWindow(Videos,"plugin://plugin.video.vstream/?site=siteuptobox&amp;function=load&amp;title=UpToBox&amp;siteUrl=http%3A%2F%2F&amp;sFav=load",return)</action>
		</shortcut>
	<shortcut>
		<defaultID />
		<label>[COLOR lightcoral]Forcer la mise a jour Pastebin[/COLOR]</label>
		<label2>Elément personnalisé</label2>
		<icon>DefaultShortcut.png</icon>
		<thumb>special://skin/extras/icons/atom.png</thumb>
		<action>ActivateWindow(Videos,"plugin://plugin.video.vstream/?site=pastebin&amp;function=refreshAllPaste&amp;title=Forcer+la+mise+%C3%A0+jour+des+contenus&amp;sFav=refreshAllPaste",return)</action>
		</shortcut>
	<shortcut>
		<defaultID />
		<label>Reload Skin</label>
		<label2>Elément personnalisé</label2>
		<icon>DefaultShortcut.png</icon>
		<thumb>special://skin/extras/icons/updatelibrary.png</thumb>
		<action>ReloadSkin()</action>
		</shortcut>
	<shortcut>
		<defaultID />
		<label>Menu Pastebin</label>
		<label2>Extensions Vidéo</label2>
		<icon>DefaultShortcut.png</icon>
		<thumb>special://skin/extras/icons/playlist.png</thumb>
		<action>ActivateWindow(Videos,"plugin://plugin.video.vstream/?site=pastebin&amp;function=showMenuFolder&amp;title=G%C3%A9rer+les+codes&amp;sFav=showMenuFolder",return)</action>
		</shortcut>
	<shortcut>
		<defaultID />
		<label>Sauvegarde Skin (Ne pas toucher)</label>
		<label2>Elément personnalisé</label2>
		<icon>DefaultShortcut.png</icon>
		<thumb>special://skin/extras/icons/atom.png</thumb>
		<action>RunScript(special://home/userdata/addon_data/Scripts/skin_save1.py)</action>
		</shortcut>
	<shortcut>
		<defaultID />
		<label>Restauration Skin (Ne pas toucher)</label>
		<label2>Elément personnalisé</label2>
		<icon>DefaultShortcut.png</icon>
		<thumb>special://skin/extras/icons/atom.png</thumb>
		<action>RunScript(special://home/userdata/addon_data/Scripts/skin_restor1.py)</action>
		</shortcut>
	<shortcut>
		<defaultID />
		<label>[COLOR white][B]MAINTENANCE[/B][/COLOR]</label>
		<label2>Programme</label2>
		<icon>DefaultShortcut.png</icon>
		<thumb>special://skin/extras/icons/addons.png</thumb>
		<action>ActivateWindow(Programs,"plugin://script.ezmaintenanceplus/?url=ur&amp;action=maintenance&amp;name=%5BCOLOR+white%5D%5BB%5DMAINTENANCE%5B%2FB%5D%5B%2FCOLOR%5D&amp;icon=C%3A%5CUsers%5Calain%5CAppData%5CRoaming%5CKodi%5Caddons%5Cscript.ezmaintenanceplus%5Cicon.png&amp;fanart=C%3A%5CUsers%5Calain%5CAppData%5CRoaming%5CKodi%5Caddons%5Cscript.ezmaintenanceplus%5Cfanart.jpg&amp;description=",return)</action>
		</shortcut>
	<shortcut>
		<defaultID>plugin.video.vstream</defaultID>
		<label>vStream</label>
		<label2>Extensions Vidéo</label2>
		<icon>DefaultShortcut.png</icon>
		<thumb>thumb</thumb>
		<action>ActivateWindow(Videos,"plugin://plugin.video.vstream",return)</action>
		</shortcut>
	</shortcuts>
