<shortcuts>
	<shortcut>
		<defaultID>31212</defaultID>
		<label>$SKIN[31212|skin.cosmic|None]</label>
		<label2 />
		<icon>special://skin/extras/icons/timer.png</icon>
		<thumb />
		<action>C:\Users\alain\AppData\Roaming\Kodi\addons\skin.cosmic\playlists\inprogress_movies.xsp</action>
		</shortcut>
	<shortcut>
		<defaultID>31222</defaultID>
		<label>$SKIN[31222|skin.cosmic|None]</label>
		<label2 />
		<icon>special://skin/extras/icons/timer.png</icon>
		<thumb />
		<action>library://video/tvshows/inprogressshows.xml</action>
		</shortcut>
	</shortcuts>
