<shortcuts>
	<shortcut>
		<defaultID />
		<label>Action</label>
		<label2>Extensions Vidéo</label2>
		<icon>DefaultShortcut.png</icon>
		<thumb>image://special%3a%2f%2fhome%2faddons%2fplugin.video.sendtokodiU2P%2fresources%2fpng%2fgroupe.png/</thumb>
		<action>ActivateWindow(Videos,"plugin://plugin.video.sendtokodiU2P/?action=MenuFilm&amp;famille=genres&amp;typgenre=Action&amp;offset=0&amp;limit=100",return)</action>
		</shortcut>
	<shortcut>
		<defaultID />
		<label>Animation</label>
		<label2>Extensions Vidéo</label2>
		<icon>DefaultShortcut.png</icon>
		<thumb>image://special%3a%2f%2fhome%2faddons%2fplugin.video.sendtokodiU2P%2fresources%2fpng%2fgroupe.png/</thumb>
		<action>ActivateWindow(Videos,"plugin://plugin.video.sendtokodiU2P/?action=MenuFilm&amp;famille=genres&amp;typgenre=Animation&amp;offset=0&amp;limit=100",return)</action>
		</shortcut>
	<shortcut>
		<defaultID />
		<label>Aventure</label>
		<label2>Extensions Vidéo</label2>
		<icon>DefaultShortcut.png</icon>
		<thumb>image://special%3a%2f%2fhome%2faddons%2fplugin.video.sendtokodiU2P%2fresources%2fpng%2fgroupe.png/</thumb>
		<action>ActivateWindow(Videos,"plugin://plugin.video.sendtokodiU2P/?action=MenuFilm&amp;famille=genres&amp;typgenre=Aventure&amp;offset=0&amp;limit=100",return)</action>
		</shortcut>
	<shortcut>
		<defaultID />
		<label>Comédie</label>
		<label2>Extensions Vidéo</label2>
		<icon>DefaultShortcut.png</icon>
		<thumb>image://special%3a%2f%2fhome%2faddons%2fplugin.video.sendtokodiU2P%2fresources%2fpng%2fgroupe.png/</thumb>
		<action>ActivateWindow(Videos,"plugin://plugin.video.sendtokodiU2P/?action=MenuFilm&amp;famille=genres&amp;typgenre=Com%C3%A9die&amp;offset=0&amp;limit=100",return)</action>
		</shortcut>
	<shortcut>
		<defaultID />
		<label>Crime</label>
		<label2>Extensions Vidéo</label2>
		<icon>DefaultShortcut.png</icon>
		<thumb>image://special%3a%2f%2fhome%2faddons%2fplugin.video.sendtokodiU2P%2fresources%2fpng%2fgroupe.png/</thumb>
		<action>ActivateWindow(Videos,"plugin://plugin.video.sendtokodiU2P/?action=MenuFilm&amp;famille=genres&amp;typgenre=Crime&amp;offset=0&amp;limit=100",return)</action>
		</shortcut>
	<shortcut>
		<defaultID />
		<label>Documentaire</label>
		<label2>Extensions Vidéo</label2>
		<icon>DefaultShortcut.png</icon>
		<thumb>image://special%3a%2f%2fhome%2faddons%2fplugin.video.sendtokodiU2P%2fresources%2fpng%2fgroupe.png/</thumb>
		<action>ActivateWindow(Videos,"plugin://plugin.video.sendtokodiU2P/?action=MenuFilm&amp;famille=genres&amp;typgenre=Documentaire&amp;offset=0&amp;limit=100",return)</action>
		</shortcut>
	<shortcut>
		<defaultID />
		<label>Drame</label>
		<label2>Extensions Vidéo</label2>
		<icon>DefaultShortcut.png</icon>
		<thumb>image://special%3a%2f%2fhome%2faddons%2fplugin.video.sendtokodiU2P%2fresources%2fpng%2fgroupe.png/</thumb>
		<action>ActivateWindow(Videos,"plugin://plugin.video.sendtokodiU2P/?action=MenuFilm&amp;famille=genres&amp;typgenre=Drame&amp;offset=0&amp;limit=100",return)</action>
		</shortcut>
	<shortcut>
		<defaultID />
		<label>Familial</label>
		<label2>Extensions Vidéo</label2>
		<icon>DefaultShortcut.png</icon>
		<thumb>image://special%3a%2f%2fhome%2faddons%2fplugin.video.sendtokodiU2P%2fresources%2fpng%2fgroupe.png/</thumb>
		<action>ActivateWindow(Videos,"plugin://plugin.video.sendtokodiU2P/?action=MenuFilm&amp;famille=genres&amp;typgenre=Familial&amp;offset=0&amp;limit=100",return)</action>
		</shortcut>
	<shortcut>
		<defaultID />
		<label>Fantastique</label>
		<label2>Extensions Vidéo</label2>
		<icon>DefaultShortcut.png</icon>
		<thumb>image://special%3a%2f%2fhome%2faddons%2fplugin.video.sendtokodiU2P%2fresources%2fpng%2fgroupe.png/</thumb>
		<action>ActivateWindow(Videos,"plugin://plugin.video.sendtokodiU2P/?action=MenuFilm&amp;famille=genres&amp;typgenre=Fantastique&amp;offset=0&amp;limit=100",return)</action>
		</shortcut>
	<shortcut>
		<defaultID />
		<label>Guerre</label>
		<label2>Extensions Vidéo</label2>
		<icon>DefaultShortcut.png</icon>
		<thumb>image://special%3a%2f%2fhome%2faddons%2fplugin.video.sendtokodiU2P%2fresources%2fpng%2fgroupe.png/</thumb>
		<action>ActivateWindow(Videos,"plugin://plugin.video.sendtokodiU2P/?action=MenuFilm&amp;famille=genres&amp;typgenre=Guerre&amp;offset=0&amp;limit=100",return)</action>
		</shortcut>
	<shortcut>
		<defaultID />
		<label>Histoire</label>
		<label2>Extensions Vidéo</label2>
		<icon>DefaultShortcut.png</icon>
		<thumb>image://special%3a%2f%2fhome%2faddons%2fplugin.video.sendtokodiU2P%2fresources%2fpng%2fgroupe.png/</thumb>
		<action>ActivateWindow(Videos,"plugin://plugin.video.sendtokodiU2P/?action=MenuFilm&amp;famille=genres&amp;typgenre=Histoire&amp;offset=0&amp;limit=100",return)</action>
		</shortcut>
	<shortcut>
		<defaultID />
		<label>Horreur</label>
		<label2>Extensions Vidéo</label2>
		<icon>DefaultShortcut.png</icon>
		<thumb>image://special%3a%2f%2fhome%2faddons%2fplugin.video.sendtokodiU2P%2fresources%2fpng%2fgroupe.png/</thumb>
		<action>ActivateWindow(Videos,"plugin://plugin.video.sendtokodiU2P/?action=MenuFilm&amp;famille=genres&amp;typgenre=Horreur&amp;offset=0&amp;limit=100",return)</action>
		</shortcut>
	<shortcut>
		<defaultID />
		<label>Musique</label>
		<label2>Extensions Vidéo</label2>
		<icon>DefaultShortcut.png</icon>
		<thumb>image://special%3a%2f%2fhome%2faddons%2fplugin.video.sendtokodiU2P%2fresources%2fpng%2fgroupe.png/</thumb>
		<action>ActivateWindow(Videos,"plugin://plugin.video.sendtokodiU2P/?action=MenuFilm&amp;famille=genres&amp;typgenre=Musique&amp;offset=0&amp;limit=100",return)</action>
		</shortcut>
	<shortcut>
		<defaultID />
		<label>Mystère</label>
		<label2>Extensions Vidéo</label2>
		<icon>DefaultShortcut.png</icon>
		<thumb>image://special%3a%2f%2fhome%2faddons%2fplugin.video.sendtokodiU2P%2fresources%2fpng%2fgroupe.png/</thumb>
		<action>ActivateWindow(Videos,"plugin://plugin.video.sendtokodiU2P/?action=MenuFilm&amp;famille=genres&amp;typgenre=Myst%C3%A8re&amp;offset=0&amp;limit=100",return)</action>
		</shortcut>
	<shortcut>
		<defaultID />
		<label>Romance</label>
		<label2>Extensions Vidéo</label2>
		<icon>DefaultShortcut.png</icon>
		<thumb>image://special%3a%2f%2fhome%2faddons%2fplugin.video.sendtokodiU2P%2fresources%2fpng%2fgroupe.png/</thumb>
		<action>ActivateWindow(Videos,"plugin://plugin.video.sendtokodiU2P/?action=MenuFilm&amp;famille=genres&amp;typgenre=Romance&amp;offset=0&amp;limit=100",return)</action>
		</shortcut>
	<shortcut>
		<defaultID />
		<label>Science-Fiction</label>
		<label2>Extensions Vidéo</label2>
		<icon>DefaultShortcut.png</icon>
		<thumb>image://special%3a%2f%2fhome%2faddons%2fplugin.video.sendtokodiU2P%2fresources%2fpng%2fgroupe.png/</thumb>
		<action>ActivateWindow(Videos,"plugin://plugin.video.sendtokodiU2P/?action=MenuFilm&amp;famille=genres&amp;typgenre=Science-Fiction&amp;offset=0&amp;limit=100",return)</action>
		</shortcut>
	<shortcut>
		<defaultID />
		<label>Thriller</label>
		<label2>Extensions Vidéo</label2>
		<icon>DefaultShortcut.png</icon>
		<thumb>image://special%3a%2f%2fhome%2faddons%2fplugin.video.sendtokodiU2P%2fresources%2fpng%2fgroupe.png/</thumb>
		<action>ActivateWindow(Videos,"plugin://plugin.video.sendtokodiU2P/?action=MenuFilm&amp;famille=genres&amp;typgenre=Thriller&amp;offset=0&amp;limit=100",return)</action>
		</shortcut>
	<shortcut>
		<defaultID />
		<label>Téléfilm</label>
		<label2>Extensions Vidéo</label2>
		<icon>DefaultShortcut.png</icon>
		<thumb>image://special%3a%2f%2fhome%2faddons%2fplugin.video.sendtokodiU2P%2fresources%2fpng%2fgroupe.png/</thumb>
		<action>ActivateWindow(Videos,"plugin://plugin.video.sendtokodiU2P/?action=MenuFilm&amp;famille=genres&amp;typgenre=T%C3%A9l%C3%A9film&amp;offset=0&amp;limit=100",return)</action>
		</shortcut>
	<shortcut>
		<defaultID />
		<label>Western</label>
		<label2>Extensions Vidéo</label2>
		<icon>DefaultShortcut.png</icon>
		<thumb>image://special%3a%2f%2fhome%2faddons%2fplugin.video.sendtokodiU2P%2fresources%2fpng%2fgroupe.png/</thumb>
		<action>ActivateWindow(Videos,"plugin://plugin.video.sendtokodiU2P/?action=MenuFilm&amp;famille=genres&amp;typgenre=Western&amp;offset=0&amp;limit=100",return)</action>
		</shortcut>
	</shortcuts>
