<shortcuts>
	<shortcut>
		<defaultID />
		<label>Channel Stream</label>
		<label2>Extensions Vidéo</label2>
		<icon>DefaultShortcut.png</icon>
		<thumb>image://special%3a%2f%2fhome%2faddons%2fplugin.video.vstream%2fresources%2fart%2fsites%2fchannelstream.png/</thumb>
		<action>ActivateWindow(Videos,"plugin://plugin.video.vstream/?site=channelstream&amp;function=load&amp;title=Channel+Stream&amp;siteUrl=http%3A%2F%2Fvenom&amp;sFav=load",return)</action>
		</shortcut>
	<shortcut>
		<defaultID />
		<label>leet365</label>
		<label2>Extensions Vidéo</label2>
		<icon>DefaultShortcut.png</icon>
		<thumb>image://special%3a%2f%2fhome%2faddons%2fplugin.video.vstream%2fresources%2fart%2ftv.png/</thumb>
		<action>ActivateWindow(Videos,"plugin://plugin.video.vstream/?site=leet365&amp;function=load&amp;title=leet365&amp;siteUrl=http%3A%2F%2Fvenom&amp;sFav=load",return)</action>
		</shortcut>
	<shortcut>
		<defaultID />
		<label>Streamonsport</label>
		<label2>Extensions Vidéo</label2>
		<icon>DefaultShortcut.png</icon>
		<thumb>image://special%3a%2f%2fhome%2faddons%2fplugin.video.vstream%2fresources%2fart%2fsites%2fstreamonsport.png/</thumb>
		<action>ActivateWindow(Videos,"plugin://plugin.video.vstream/?site=streamonsport&amp;function=load&amp;title=Streamonsport&amp;siteUrl=http%3A%2F%2Fvenom&amp;sFav=load",return)</action>
		</shortcut>
	</shortcuts>
