<shortcuts>
	<shortcut>
		<defaultID />
		<label>Recherche de listes</label>
		<label2>Extensions Vidéo</label2>
		<icon>DefaultShortcut.png</icon>
		<thumb>special://skin/extras/icons/search.png</thumb>
		<action>ActivateWindow(Videos,"plugin://plugin.video.themoviedb.helper/?info=trakt_searchlists&amp;tmdb_type=both&amp;widget=true",return)</action>
		</shortcut>
	<shortcut>
		<defaultID>31904</defaultID>
		<label>Listes Films</label>
		<label2>Elément personnalisé</label2>
		<icon>special://skin/extras/icons/clipboard.png</icon>
		<thumb />
		<action>ActivateWindow(1103,return)</action>
		</shortcut>
	<shortcut>
		<defaultID>31902</defaultID>
		<label>Listes Séries</label>
		<label2>Elément personnalisé</label2>
		<icon>special://skin/extras/icons/clipboard.png</icon>
		<thumb />
		<action>ActivateWindow(1101,return)</action>
		</shortcut>
	<shortcut>
		<defaultID />
		<label>Listes Perso</label>
		<label2>Extensions Vidéo</label2>
		<icon>DefaultShortcut.png</icon>
		<thumb>special://skin/extras/icons/years.png</thumb>
		<action>ActivateWindow(Videos,"plugin://plugin.video.themoviedb.helper/?info=trakt_mylists&amp;tmdb_type=both&amp;widget=true",return)</action>
		</shortcut>
	<shortcut>
		<defaultID />
		<label>Listes de tendances</label>
		<label2>Extensions Vidéo</label2>
		<icon>DefaultShortcut.png</icon>
		<thumb>special://skin/extras/icons/years.png</thumb>
		<action>ActivateWindow(Videos,"plugin://plugin.video.themoviedb.helper/?info=trakt_trendinglists&amp;tmdb_type=both&amp;widget=true",return)</action>
		</shortcut>
	<shortcut>
		<defaultID />
		<label>Listes populaires</label>
		<label2>Extensions Vidéo</label2>
		<icon>DefaultShortcut.png</icon>
		<thumb>special://skin/extras/icons/years.png</thumb>
		<action>ActivateWindow(Videos,"plugin://plugin.video.themoviedb.helper/?info=trakt_popularlists&amp;tmdb_type=both&amp;widget=true",return)</action>
		</shortcut>
	<shortcut>
		<defaultID />
		<label>Listes aimées</label>
		<label2>Extensions Vidéo</label2>
		<icon>DefaultShortcut.png</icon>
		<thumb>special://skin/extras/icons/years.png</thumb>
		<action>ActivateWindow(Videos,"plugin://plugin.video.themoviedb.helper/?info=trakt_likedlists&amp;tmdb_type=both&amp;widget=true",return)</action>
		</shortcut>
	<shortcut>
		<defaultID />
		<label>Mon Trakt</label>
		<label2>Extensions Vidéo</label2>
		<icon>DefaultShortcut.png</icon>
		<thumb>image://special%3a%2f%2fhome%2faddons%2fplugin.video.sendtokodiU2P%2fresources%2fpng%2ftrakt.png/</thumb>
		<action>ActivateWindow(Videos,"plugin://plugin.video.sendtokodiU2P/?action=affTraktPerso",return)</action>
		</shortcut>
	</shortcuts>
