<shortcuts>
	<shortcut>
		<defaultID />
		<label>Diffuseurs</label>
		<label2>Extensions Vidéo</label2>
		<icon>DefaultShortcut.png</icon>
		<thumb>special://skin/extras/icons/amazon.png</thumb>
		<action>ActivateWindow(Videos,"plugin://plugin.video.themoviedb.helper/?info=watch_providers&amp;tmdb_type=tv&amp;widget=true",return)</action>
		</shortcut>
	<shortcut>
		<defaultID />
		<label>Listes</label>
		<label2>Elément personnalisé</label2>
		<icon>DefaultShortcut.png</icon>
		<thumb>special://skin/extras/icons/years.png</thumb>
		<action>ActivateWindow(Videos,"plugin://plugin.video.vstream/?site=pastebin&amp;function=showGroupes&amp;title=S%C3%A9ries+&amp;siteUrl=https%3A%2F%2Fpastebin.com%2Fraw%2F%26numPage%3D1%26sMedia%3Dserie&amp;sFav=showGroupes",return)</action>
		</shortcut>
	<shortcut>
		<defaultID />
		<label>Genres</label>
		<label2>Extensions Vidéo</label2>
		<icon>DefaultShortcut.png</icon>
		<thumb>special://skin/extras/icons/genre.png</thumb>
		<action>ActivateWindow(Videos,"plugin://plugin.video.vstream/?site=pastebin&amp;function=showGenreTV&amp;title=S%C3%A9ries+&amp;siteUrl=genre%2Ftv%2Flist&amp;sFav=showGenreTV",return)</action>
		</shortcut>
	<shortcut>
		<defaultID />
		<label>Tmdb Séries</label>
		<label2>Elément personnalisé</label2>
		<icon>DefaultShortcut.png</icon>
		<thumb>special://skin/extras/icons/bookmarks.png</thumb>
		<action>ActivateWindow(Videos,"plugin://plugin.video.themoviedb.helper/?info=dir_tv&amp;tmdb_type=None&amp;widget=true",return)</action>
		</shortcut>
	<shortcut>
		<defaultID>31902</defaultID>
		<label>Séries par thèmes</label>
		<label2>Elément personnalisé</label2>
		<icon>special://skin/extras/icons/clipboard.png</icon>
		<thumb>special://skin/extras/icons/award.png</thumb>
		<action>ActivateWindow(2118,return)</action>
		</shortcut>
	</shortcuts>
