<shortcuts>
	<shortcut>
		<defaultID />
		<label>Animal Planet</label>
		<label2>Extensions Vidéo</label2>
		<icon>DefaultShortcut.png</icon>
		<thumb>image://http%3a%2f%2fimage.tmdb.org%2ft%2fp%2fw500%2fm3KrDu1g96YByhH0wp4OvyghgsG.png/</thumb>
		<action>ActivateWindow(Videos,"plugin://plugin.video.sendtokodiU2P/?action=MenuSerie&amp;network=1&amp;namenetwork=Animal+Planet",return)</action>
		</shortcut>
	<shortcut>
		<defaultID />
		<label>BrutX</label>
		<label2>Extensions Vidéo</label2>
		<icon>DefaultShortcut.png</icon>
		<thumb>image://http%3a%2f%2fimage.tmdb.org%2ft%2fp%2fw500%2fAOD0Bu9BKuiTA6cf28YIZPWG4D.png/</thumb>
		<action>ActivateWindow(Videos,"plugin://plugin.video.sendtokodiU2P/?action=MenuSerie&amp;network=1&amp;namenetwork=BrutX",return)</action>
		</shortcut>
	</shortcuts>
