<shortcuts>
	<shortcut>
		<defaultID>31680</defaultID>
		<label>Skin perso 1</label>
		<label2>Elément personnalisé</label2>
		<icon>special://skin/extras/icons/addons.png</icon>
		<thumb>special://skin/extras/icons/download.png</thumb>
		<action>RunScript(special://home/userdata/addon_data/Scripts/skin_restor1.py)</action>
		</shortcut>
	<shortcut>
		<defaultID />
		<label>Skin perso 2</label>
		<label2>Elément personnalisé</label2>
		<icon>DefaultShortcut.png</icon>
		<thumb>special://skin/extras/icons/download.png</thumb>
		<action>RunScript(special://home/userdata/addon_data/Scripts/skin_restor2.py)</action>
		</shortcut>
	<shortcut>
		<defaultID />
		<label>Skin perso 3</label>
		<label2>Elément personnalisé</label2>
		<icon>DefaultShortcut.png</icon>
		<thumb>special://skin/extras/icons/download.png</thumb>
		<action>RunScript(special://home/userdata/addon_data/Scripts/skin_restor3.py)</action>
		</shortcut>
	<shortcut>
		<defaultID />
		<label>Sauvegardez votre skin 1</label>
		<label2>Elément personnalisé</label2>
		<icon>DefaultShortcut.png</icon>
		<thumb />
		<action>RunScript(special://home/userdata/addon_data/Scripts/skin_save1.py)</action>
		</shortcut>
	<shortcut>
		<defaultID />
		<label>Sauvegardez votre skin 2</label>
		<label2>Elément personnalisé</label2>
		<icon>DefaultShortcut.png</icon>
		<thumb />
		<action>RunScript(special://home/userdata/addon_data/Scripts/skin_save2.py)</action>
		</shortcut>
	<shortcut>
		<defaultID />
		<label>Sauvegardez votre skin 3</label>
		<label2>Elément personnalisé</label2>
		<icon>DefaultShortcut.png</icon>
		<thumb />
		<action>RunScript(special://home/userdata/addon_data/Scripts/skin_save3.py)</action>
		</shortcut>
	</shortcuts>
