<shortcuts>
	<shortcut>
		<defaultID />
		<label>Paramètres</label>
		<label2>Elément personnalisé</label2>
		<icon>DefaultShortcut.png</icon>
		<thumb>special://skin/extras/icons/addons.png</thumb>
		<action>ActivateWindow(Settings)</action>
		</shortcut>
	<shortcut>
		<defaultID />
		<label>Mettre a jour SEULEMENT HK FORCED</label>
		<label2>Elément personnalisé</label2>
		<icon>DefaultShortcut.png</icon>
		<thumb>special://skin/extras/icons/download_repo.png</thumb>
		<action>PlayMedia("plugin://plugin.video.sendtokodiU2P/?action=bdauto")</action>
		</shortcut>
	<shortcut>
		<defaultID />
		<label>Maintenance</label>
		<label2>Elément personnalisé</label2>
		<icon>DefaultShortcut.png</icon>
		<thumb>special://skin/extras/icons/bookmark-star.png</thumb>
		<action>ActivateWindow(Programs,"plugin://script.ezmaintenanceplus/?url=ur&amp;action=maintenance&amp;name=%5BCOLOR+white%5D%5BB%5DMAINTENANCE%5B%2FB%5D%5B%2FCOLOR%5D&amp;icon=C%3A%5CUsers%5CPC-Commercial%5CAppData%5CRoaming%5CKodi%5Caddons%5Cscript.ezmaintenanceplus%5Cicon.png&amp;fanart=C%3A%5CUsers%5CPC-Commercial%5CAppData%5CRoaming%5CKodi%5Caddons%5Cscript.ezmaintenanceplus%5Cfanart.jpg&amp;description=",return)</action>
		</shortcut>
	<shortcut>
		<defaultID />
		<label>Médiathèque HK</label>
		<label2>Elément personnalisé</label2>
		<icon>DefaultShortcut.png</icon>
		<thumb>special://skin/extras/icons/bookmarks.png</thumb>
		<action>ActivateWindow(Videos,"plugin://plugin.video.sendtokodiU2P/?action=movies",return)</action>
		</shortcut>
	<shortcut>
		<defaultID />
		<label>Effacer Database</label>
		<label2>Elément personnalisé</label2>
		<icon>DefaultShortcut.png</icon>
		<thumb>special://skin/extras/icons/antenna-off.png</thumb>
		<action>ActivateWindow(Videos,"plugin://plugin.video.sendtokodiU2P/?action=delDta",return)</action>
		</shortcut>
	<shortcut>
		<defaultID />
		<label>Mise a jour U2P</label>
		<label2>Elément personnalisé</label2>
		<icon>DefaultShortcut.png</icon>
		<thumb>special://skin/extras/icons/download.png</thumb>
		<action>installfromzip</action>
		</shortcut>
	</shortcuts>
