<shortcuts>
	<shortcut>
		<defaultID />
		<label>Dessins Animés Japonais</label>
		<label2>Extensions Vidéo</label2>
		<icon>DefaultShortcut.png</icon>
		<thumb>special://skin/extras/icons/mangas.png</thumb>
		<action>ActivateWindow(Videos,"plugin://plugin.video.sendtokodiU2P/?action=MenuFilm&amp;famille=%23Anime-Japonais",return)</action>
		</shortcut>
	<shortcut>
		<defaultID />
		<label>Mangas Films</label>
		<label2>Extensions Vidéo</label2>
		<icon>DefaultShortcut.png</icon>
		<thumb>special://skin/extras/icons/mangas.png</thumb>
		<action>ActivateWindow(Videos,"plugin://plugin.video.sendtokodiU2P/?action=MenuFilm&amp;groupe=Mangas+Films",return)</action>
		</shortcut>
	<shortcut>
		<defaultID />
		<label>Mangas OAV</label>
		<label2>Extensions Vidéo</label2>
		<icon>DefaultShortcut.png</icon>
		<thumb>special://skin/extras/icons/mangas.png</thumb>
		<action>ActivateWindow(Videos,"plugin://plugin.video.sendtokodiU2P/?action=MenuFilm&amp;groupe=Mangas+OAV",return)</action>
		</shortcut>
	<shortcut>
		<defaultID />
		<label>FANKAI</label>
		<label2>Extensions Vidéo</label2>
		<icon>DefaultShortcut.png</icon>
		<thumb>image://special%3a%2f%2fhome%2faddons%2fplugin.video.sendtokodiU2P%2fresources%2fpng%2fFANKAI.png/</thumb>
		<action>ActivateWindow(Videos,"plugin://plugin.video.sendtokodiU2P/?action=MenuDivers&amp;repo=FANKAI",return)</action>
		</shortcut>
	<shortcut>
		<defaultID />
		<label>Séries Animés Japonais</label>
		<label2>Extensions Vidéo</label2>
		<icon>DefaultShortcut.png</icon>
		<thumb>special://skin/extras/icons/mangas.png</thumb>
		<action>ActivateWindow(Videos,"plugin://plugin.video.sendtokodiU2P/?action=MenuSerie&amp;famille=%23Anime-Japonais",return)</action>
		</shortcut>
	<shortcut>
		<defaultID />
		<label>Top Séries Animés par Décade</label>
		<label2>Extensions Vidéo</label2>
		<icon>DefaultShortcut.png</icon>
		<thumb>special://skin/extras/icons/calendar.png</thumb>
		<action>ActivateWindow(Videos,"plugin://plugin.video.sendtokodiU2P/?action=MenuSerie&amp;trakt=Top+Anime+by+Didi",return)</action>
		</shortcut>
	</shortcuts>
