<shortcuts>
	<shortcut>
		<defaultID />
		<label>Asterix</label>
		<label2>Extensions Vidéo</label2>
		<icon>DefaultShortcut.png</icon>
		<thumb>special://skin/extras/icons/</thumb>
		<action>ActivateWindow(Videos,"plugin://plugin.video.sendtokodiU2P/?action=MenuFilm&amp;groupe=Asterix",return)</action>
		</shortcut>
	<shortcut>
		<defaultID />
		<label>Barbie</label>
		<label2>Extensions Vidéo</label2>
		<icon>DefaultShortcut.png</icon>
		<thumb>image://special%3a%2f%2fhome%2faddons%2fplugin.video.sendtokodiU2P%2fresources%2fpng%2fgroupe.png/</thumb>
		<action>ActivateWindow(Videos,"plugin://plugin.video.sendtokodiU2P/?action=MenuFilm&amp;groupe=Barbie",return)</action>
		</shortcut>
	<shortcut>
		<defaultID />
		<label>Collection il etait une fois</label>
		<label2>Extensions Vidéo</label2>
		<icon>DefaultShortcut.png</icon>
		<thumb>image://special%3a%2f%2fhome%2faddons%2fplugin.video.sendtokodiU2P%2fresources%2fpng%2fgroupe.png/</thumb>
		<action>ActivateWindow(Videos,"plugin://plugin.video.sendtokodiU2P/?action=MenuSerie&amp;groupe=Collection+il+etait+une+fois",return)</action>
		</shortcut>
	<shortcut>
		<defaultID />
		<label>Les Minions</label>
		<label2>Extensions Vidéo</label2>
		<icon>DefaultShortcut.png</icon>
		<thumb>image://special%3a%2f%2fhome%2faddons%2fplugin.video.sendtokodiU2P%2fresources%2fpng%2fgroupe.png/</thumb>
		<action>ActivateWindow(Videos,"plugin://plugin.video.sendtokodiU2P/?action=MenuFilm&amp;groupe=Les+Minions",return)</action>
		</shortcut>
	<shortcut>
		<defaultID />
		<label>Monster High</label>
		<label2>Extensions Vidéo</label2>
		<icon>DefaultShortcut.png</icon>
		<thumb>image://special%3a%2f%2fhome%2faddons%2fplugin.video.sendtokodiU2P%2fresources%2fpng%2fgroupe.png/</thumb>
		<action>ActivateWindow(Videos,"plugin://plugin.video.sendtokodiU2P/?action=MenuFilm&amp;groupe=Monster+High",return)</action>
		</shortcut>
	<shortcut>
		<defaultID />
		<label>My Little Pony</label>
		<label2>Extensions Vidéo</label2>
		<icon>DefaultShortcut.png</icon>
		<thumb>image://special%3a%2f%2fhome%2faddons%2fplugin.video.sendtokodiU2P%2fresources%2fpng%2fgroupe.png/</thumb>
		<action>ActivateWindow(Videos,"plugin://plugin.video.sendtokodiU2P/?action=MenuFilm&amp;groupe=My+Little+Pony",return)</action>
		</shortcut>
	<shortcut>
		<defaultID />
		<label>Petit Dinosaure</label>
		<label2>Extensions Vidéo</label2>
		<icon>DefaultShortcut.png</icon>
		<thumb>image://special%3a%2f%2fhome%2faddons%2fplugin.video.sendtokodiU2P%2fresources%2fpng%2fgroupe.png/</thumb>
		<action>ActivateWindow(Videos,"plugin://plugin.video.sendtokodiU2P/?action=MenuFilm&amp;groupe=Petit+Dinosaure",return)</action>
		</shortcut>
	<shortcut>
		<defaultID />
		<label>Scooby-doo</label>
		<label2>Extensions Vidéo</label2>
		<icon>DefaultShortcut.png</icon>
		<thumb>image://special%3a%2f%2fhome%2faddons%2fplugin.video.sendtokodiU2P%2fresources%2fpng%2fgroupe.png/</thumb>
		<action>ActivateWindow(Videos,"plugin://plugin.video.sendtokodiU2P/?action=MenuFilm&amp;groupe=Scooby-doo",return)</action>
		</shortcut>
	<shortcut>
		<defaultID />
		<label>Tintin</label>
		<label2>Extensions Vidéo</label2>
		<icon>DefaultShortcut.png</icon>
		<thumb>image://special%3a%2f%2fhome%2faddons%2fplugin.video.sendtokodiU2P%2fresources%2fpng%2fgroupe.png/</thumb>
		<action>ActivateWindow(Videos,"plugin://plugin.video.sendtokodiU2P/?action=MenuFilm&amp;groupe=Tintin",return)</action>
		</shortcut>
	<shortcut>
		<defaultID />
		<label>Winnie l'ourson</label>
		<label2>Extensions Vidéo</label2>
		<icon>DefaultShortcut.png</icon>
		<thumb>image://special%3a%2f%2fhome%2faddons%2fplugin.video.sendtokodiU2P%2fresources%2fpng%2fgroupe.png/</thumb>
		<action>ActivateWindow(Videos,"plugin://plugin.video.sendtokodiU2P/?action=MenuFilm&amp;groupe=Winnie+l%27ourson",return)</action>
		</shortcut>
	<shortcut>
		<defaultID />
		<label>La Pat' Patrouille</label>
		<label2>Extensions Vidéo</label2>
		<icon>DefaultShortcut.png</icon>
		<thumb>special://skin/extras/icons/</thumb>
		<action>ActivateWindow(Videos,"plugin://plugin.video.sendtokodiU2P/?action=detailT&amp;lien=&amp;u2p=57532",return)</action>
		</shortcut>
	<shortcut>
		<defaultID />
		<label>Goldorak</label>
		<label2>Extensions Vidéo</label2>
		<icon>DefaultShortcut.png</icon>
		<thumb>image://http%3a%2f%2fimage.tmdb.org%2ft%2fp%2fw342%2flosZ0NwgZKSD0odOOVUAO1U8QZl.jpg/</thumb>
		<action>ActivateWindow(Videos,"plugin://plugin.video.sendtokodiU2P/?action=detailT&amp;lien=&amp;u2p=46252",return)</action>
		</shortcut>
	<shortcut>
		<defaultID />
		<label>Albator</label>
		<label2>Extensions Vidéo</label2>
		<icon>DefaultShortcut.png</icon>
		<thumb>image://http%3a%2f%2fimage.tmdb.org%2ft%2fp%2fw342%2fvdZQeiN0U4l81ZpgxXa2GyDBKds.jpg/</thumb>
		<action>ActivateWindow(Videos,"plugin://plugin.video.sendtokodiU2P/?action=detailT&amp;lien=&amp;u2p=31714",return)</action>
		</shortcut>
	<shortcut>
		<defaultID />
		<label>Bouba Le petit ourson</label>
		<label2>Extensions Vidéo</label2>
		<icon>DefaultShortcut.png</icon>
		<thumb>image://http%3a%2f%2fimage.tmdb.org%2ft%2fp%2fw342%2ffceirUweYP9TkTGjYzPxSxXCyc8.jpg/</thumb>
		<action>ActivateWindow(Videos,"plugin://plugin.video.sendtokodiU2P/?action=detailT&amp;lien=&amp;u2p=52270",return)</action>
		</shortcut>
	<shortcut>
		<defaultID />
		<label>Au pays de Candy</label>
		<label2>Extensions Vidéo</label2>
		<icon>DefaultShortcut.png</icon>
		<thumb>image://http%3a%2f%2fimage.tmdb.org%2ft%2fp%2fw342%2frKYI3VEKPv6EtRJnkewLixm3X61.jpg/</thumb>
		<action>ActivateWindow(Videos,"plugin://plugin.video.sendtokodiU2P/?action=detailT&amp;lien=&amp;u2p=9160",return)</action>
		</shortcut>
	<shortcut>
		<defaultID />
		<label>Ulysse 31</label>
		<label2>Extensions Vidéo</label2>
		<icon>DefaultShortcut.png</icon>
		<thumb>image://http%3a%2f%2fimage.tmdb.org%2ft%2fp%2fw342%2f11BQZIJCliDSGMqV9opAJLbeAaV.jpg/</thumb>
		<action>ActivateWindow(Videos,"plugin://plugin.video.sendtokodiU2P/?action=detailT&amp;lien=&amp;u2p=4025",return)</action>
		</shortcut>
	</shortcuts>
