<shortcuts>
	<shortcut>
		<defaultID>plugin.video.vstream</defaultID>
		<label>vStream</label>
		<label2>Extensions Vidéo</label2>
		<icon>DefaultShortcut.png</icon>
		<thumb>thumb</thumb>
		<action>ActivateWindow(Videos,"plugin://plugin.video.vstream",return)</action>
		</shortcut>
	<shortcut>
		<defaultID />
		<label>En cours de visionnage</label>
		<label2>Extensions Vidéo</label2>
		<icon>DefaultShortcut.png</icon>
		<thumb>image://special%3a%2f%2fhome%2faddons%2fplugin.video.vstream%2fresources%2fart%2freplay.png/</thumb>
		<action>ActivateWindow(Videos,"plugin://plugin.video.vstream/?site=cViewing&amp;function=getViewing&amp;title=En+cours+de+visionnage&amp;siteUrl=http%3A%2F%2Fvenom&amp;sFav=getViewing",return)</action>
		</shortcut>
	<shortcut>
		<defaultID />
		<label>Films</label>
		<label2>Extensions Vidéo</label2>
		<icon>DefaultShortcut.png</icon>
		<thumb>image://special%3a%2f%2fhome%2faddons%2fplugin.video.vstream%2fresources%2fart%2ffilms.png/</thumb>
		<action>ActivateWindow(Videos,"plugin://plugin.video.vstream/?site=pastebin&amp;function=showMenuFilms&amp;title=Films&amp;siteUrl=https%3A%2F%2Fpastebin.com%2Fraw%2F%26numPage%3D1%26sMedia%3Dfilm&amp;sFav=showMenuFilms",return)</action>
		</shortcut>
	<shortcut>
		<defaultID />
		<label>Séries</label>
		<label2>Extensions Vidéo</label2>
		<icon>DefaultShortcut.png</icon>
		<thumb>image://special%3a%2f%2fhome%2faddons%2fplugin.video.vstream%2fresources%2fart%2ftv.png/</thumb>
		<action>ActivateWindow(Videos,"plugin://plugin.video.vstream/?site=pastebin&amp;function=showMenuTvShows&amp;title=S%C3%A9ries&amp;sFav=showMenuTvShows",return)</action>
		</shortcut>
	<shortcut>
		<defaultID />
		<label>Animes</label>
		<label2>Extensions Vidéo</label2>
		<icon>DefaultShortcut.png</icon>
		<thumb>image://special%3a%2f%2fhome%2faddons%2fplugin.video.vstream%2fresources%2fart%2fanimes.png/</thumb>
		<action>ActivateWindow(Videos,"plugin://plugin.video.vstream/?site=pastebin&amp;function=showMenuMangas&amp;title=Animes&amp;sFav=showMenuMangas",return)</action>
		</shortcut>
	<shortcut>
		<defaultID />
		<label>[COLOR lightcoral]Gérer les contenus[/COLOR]</label>
		<label2>Extensions Vidéo</label2>
		<icon>DefaultShortcut.png</icon>
		<thumb>image://special%3a%2f%2fhome%2faddons%2fplugin.video.vstream%2fresources%2fart%2flibrary.png/</thumb>
		<action>ActivateWindow(Videos,"plugin://plugin.video.vstream/?site=pastebin&amp;function=adminContenu&amp;title=G%C3%A9rer+les+contenus&amp;sFav=adminContenu",return)</action>
		</shortcut>
	<shortcut>
		<defaultID />
		<label>Sports</label>
		<label2>Extensions Vidéo</label2>
		<icon>DefaultShortcut.png</icon>
		<thumb>image://special%3a%2f%2fhome%2faddons%2fplugin.video.vstream%2fresources%2fart%2fsport.png/</thumb>
		<action>ActivateWindow(Videos,"plugin://plugin.video.vstream/?site=cHome&amp;function=showSports&amp;title=Sports&amp;siteUrl=http%3A%2F%2Fvenom&amp;sFav=showSports",return)</action>
		</shortcut>
	<shortcut>
		<defaultID />
		<label>Marque-pages</label>
		<label2>Extensions Vidéo</label2>
		<icon>DefaultShortcut.png</icon>
		<thumb>image://special%3a%2f%2fhome%2faddons%2fplugin.video.vstream%2fresources%2fart%2fmark.png/</thumb>
		<action>ActivateWindow(Videos,"plugin://plugin.video.vstream/?site=cFav&amp;function=getBookmarks&amp;title=Marque-pages&amp;siteUrl=http%3A%2F%2Fvenom&amp;sFav=getBookmarks",return)</action>
		</shortcut>
	</shortcuts>
