<shortcuts>
	<shortcut>
		<defaultID />
		<label>Past Anonymous 1</label>
		<label2>Elément personnalisé</label2>
		<icon>DefaultShortcut.png</icon>
		<thumb>special://skin/extras/icons/download.png</thumb>
		<action>RunScript(special://home/userdata/addon_data/Scripts/past_ray.py)</action>
	</shortcut>
	<shortcut>
		<defaultID />
		<label>Past Anonymous 2</label>
		<label2>Elément personnalisé</label2>
		<icon>DefaultShortcut.png</icon>
		<thumb>special://skin/extras/icons/download.png</thumb>
		<action>RunScript(special://home/userdata/addon_data/Scripts/past_master.py)</action>
	</shortcut>
	<shortcut>
		<defaultID />
		<label>Past Anonymous 3</label>
		<label2>Elément personnalisé</label2>
		<icon>DefaultShortcut.png</icon>
		<thumb>special://skin/extras/icons/download.png</thumb>
		<action>RunScript(special://home/userdata/addon_data/Scripts/past_all.py)</action>
	</shortcut>
</shortcuts>
