<shortcuts>
	<shortcut>
		<defaultID />
		<label>Filtres</label>
		<label2>Elément personnalisé</label2>
		<icon>DefaultShortcut.png</icon>
		<thumb>special://skin/extras/icons/kodi.png</thumb>
		<action>ActivateWindow(Videos,"plugin://plugin.video.sendtokodiU2P/?action=filtres&amp;typM=movie",return)</action>
		</shortcut>
	<shortcut>
		<defaultID />
		<label>Listes des contributeurs</label>
		<label2>Extensions Vidéo</label2>
		<icon>DefaultShortcut.png</icon>
		<thumb>image://special%3a%2f%2fhome%2faddons%2fplugin.video.sendtokodiU2P%2fresources%2fpng%2fListes%20des%20contributeurs.png/</thumb>
		<action>ActivateWindow(Videos,"plugin://plugin.video.sendtokodiU2P/?action=MenuFilm&amp;famille=Listes+des+contributeurs",return)</action>
		</shortcut>
	</shortcuts>
