<shortcuts>
	<shortcut>
		<defaultID />
		<label>Films, Docu, concerts....</label>
		<label2>Extensions Vidéo</label2>
		<icon>DefaultShortcut.png</icon>
		<thumb>special://skin/extras/icons/atom.png</thumb>
		<action>ActivateWindow(Videos,"plugin://plugin.video.sendtokodiU2P/?action=MenuFilm",return)</action>
		</shortcut>
	<shortcut>
		<defaultID />
		<label>Divers....</label>
		<label2>Extensions Vidéo</label2>
		<icon>DefaultShortcut.png</icon>
		<thumb>special://skin/extras/icons/atom.png</thumb>
		<action>ActivateWindow(Videos,"plugin://plugin.video.sendtokodiU2P/?action=MenuDivers",return)</action>
		</shortcut>
	<shortcut>
		<defaultID />
		<label>Series &amp; Animes</label>
		<label2>Extensions Vidéo</label2>
		<icon>DefaultShortcut.png</icon>
		<thumb>special://skin/extras/icons/atom.png</thumb>
		<action>ActivateWindow(Videos,"plugin://plugin.video.sendtokodiU2P/?action=MenuSerie",return)</action>
		</shortcut>
	</shortcuts>
