<shortcuts>
	<shortcut>
		<defaultID />
		<label>Ray Spectacle</label>
		<label2>Extensions Vidéo</label2>
		<icon>DefaultShortcut.png</icon>
		<thumb>thumb</thumb>
		<action>ActivateWindow(Videos,"plugin://plugin.video.vstream/?site=pastebin&amp;function=showMenu&amp;title=Ray+Spectacle&amp;pasteID=7",return)</action>
		</shortcut>
	<shortcut>
		<defaultID />
		<label>Ray Docs Films</label>
		<label2>Extensions Vidéo</label2>
		<icon>DefaultShortcut.png</icon>
		<thumb>thumb</thumb>
		<action>ActivateWindow(Videos,"plugin://plugin.video.vstream/?site=pastebin&amp;function=showMenu&amp;title=Ray+Docs+Films&amp;pasteID=5",return)</action>
		</shortcut>
	<shortcut>
		<defaultID />
		<label>Ray Docs Series</label>
		<label2>Extensions Vidéo</label2>
		<icon>DefaultShortcut.png</icon>
		<thumb>thumb</thumb>
		<action>ActivateWindow(Videos,"plugin://plugin.video.vstream/?site=pastebin&amp;function=showMenu&amp;title=Ray+Docs+Series&amp;pasteID=6",return)</action>
		</shortcut>
	<shortcut>
		<defaultID />
		<label>Concert</label>
		<label2>Extensions Vidéo</label2>
		<icon>DefaultShortcut.png</icon>
		<thumb>thumb</thumb>
		<action>ActivateWindow(Videos,"plugin://plugin.video.vstream/?site=pastebin&amp;function=showMenu&amp;title=Concert&amp;pasteID=36",return)</action>
		</shortcut>
	<shortcut>
		<defaultID />
		<label>Spectacle</label>
		<label2>Extensions Vidéo</label2>
		<icon>DefaultShortcut.png</icon>
		<thumb>thumb</thumb>
		<action>ActivateWindow(Videos,"plugin://plugin.video.vstream/?site=pastebin&amp;function=showMenu&amp;title=Spectacle&amp;pasteID=38",return)</action>
		</shortcut>
	<shortcut>
		<defaultID />
		<label>Humoriste</label>
		<label2>Extensions Vidéo</label2>
		<icon>DefaultShortcut.png</icon>
		<thumb>thumb</thumb>
		<action>ActivateWindow(Videos,"plugin://plugin.video.vstream/?site=pastebin&amp;function=showMenu&amp;title=Humoriste&amp;pasteID=37",return)</action>
		</shortcut>
	</shortcuts>
