<shortcuts>
	<shortcut>
		<defaultID />
		<label>Skin U2pPlay</label>
		<label2>Elément personnalisé</label2>
		<icon>DefaultShortcut.png</icon>
		<thumb>special://skin/extras/icons/atom.png</thumb>
		<action>RunScript(special://home/userdata/addon_data/Scripts/skinmike.py)</action>
		</shortcut>
	<shortcut>
		<defaultID />
		<label>Skin vStream</label>
		<label2>Elément personnalisé</label2>
		<icon>DefaultShortcut.png</icon>
		<thumb>special://skin/extras/icons/atom.png</thumb>
		<action>RunScript(special://home/userdata/addon_data/Scripts/skinmike2.py)</action>
		</shortcut>
	<shortcut>
		<defaultID />
		<label>Sauvegarde Skin </label>
		<label2>Elément personnalisé</label2>
		<icon>DefaultShortcut.png</icon>
		<thumb>special://skin/extras/icons/atom.png</thumb>
		<action>RunScript(special://home/userdata/addon_data/Scripts/skin_save1.py)</action>
		</shortcut>
	<shortcut>
		<defaultID />
		<label>Restauration Skin</label>
		<label2>Elément personnalisé</label2>
		<icon>DefaultShortcut.png</icon>
		<thumb>special://skin/extras/icons/atom.png</thumb>
		<action>RunScript(special://home/userdata/addon_data/Scripts/skin_restor1.py)</action>
		</shortcut>
	<shortcut>
		<defaultID>settings</defaultID>
		<label>10004</label>
		<label2>Paramètres</label2>
		<icon>special://skin/extras/icons/settings.png</icon>
		<thumb>special://skin/extras/icons/addons.png</thumb>
		<action>ActivateWindow(Settings)</action>
		</shortcut>
	</shortcuts>
