<shortcuts>
	<shortcut>
		<defaultID />
		<label>Index Séries</label>
		<label2>Extensions Vidéo</label2>
		<icon>DefaultShortcut.png</icon>
		<thumb>special://skin/extras/icons/atom.png</thumb>
		<action>ActivateWindow(Videos,"plugin://plugin.video.vstream/?site=pastebin&amp;function=showMenu&amp;title=Index+S%C3%A9ries&amp;pasteID=43",return)</action>
		</shortcut>
	<shortcut>
		<defaultID />
		<label>Listes</label>
		<label2>Extensions Vidéo</label2>
		<icon>DefaultShortcut.png</icon>
		<thumb>special://skin/extras/icons/years.png</thumb>
		<action>ActivateWindow(Videos,"plugin://plugin.video.vstream/?site=pastebin&amp;function=showGroupes&amp;title=S%C3%A9ries+&amp;siteUrl=https%3A%2F%2Fpastebin.com%2Fraw%2F%26numPage%3D1%26sMedia%3Dserie%26pasteID%3D3&amp;sFav=showGroupes",return)</action>
		</shortcut>
	<shortcut>
		<defaultID />
		<label>Genres</label>
		<label2>Extensions Vidéo</label2>
		<icon>DefaultShortcut.png</icon>
		<thumb>special://skin/extras/icons/genre.png</thumb>
		<action>ActivateWindow(Videos,"plugin://plugin.video.themoviedb.helper/?info=genres&amp;tmdb_type=tv&amp;widget=true",return)</action>
		</shortcut>
	<shortcut>
		<defaultID />
		<label>Netflix</label>
		<label2>Extensions Vidéo</label2>
		<icon>DefaultShortcut.png</icon>
		<thumb>image://https%3a%2f%2fimage.tmdb.org%2ft%2fp%2foriginal%2ft2yyOv40HZeVlLjYsCsPHnWLk4W.jpg/</thumb>
		<action>ActivateWindow(Videos,"plugin://plugin.video.themoviedb.helper/?info=discover&amp;tmdb_type=tv&amp;with_watch_providers=8&amp;watch_region=US&amp;with_id=True&amp;widget=true",return)</action>
		</shortcut>
	<shortcut>
		<defaultID />
		<label>Amazon Prime Video</label>
		<label2>Extensions Vidéo</label2>
		<icon>DefaultShortcut.png</icon>
		<thumb>image://https%3a%2f%2fimage.tmdb.org%2ft%2fp%2foriginal%2femthp39XA2YScoYL1p0sdbAH2WA.jpg/</thumb>
		<action>ActivateWindow(Videos,"plugin://plugin.video.themoviedb.helper/?info=discover&amp;tmdb_type=tv&amp;with_watch_providers=9&amp;watch_region=US&amp;with_id=True&amp;widget=true",return)</action>
		</shortcut>
	<shortcut>
		<defaultID />
		<label>Disney Plus</label>
		<label2>Extensions Vidéo</label2>
		<icon>DefaultShortcut.png</icon>
		<thumb>image://https%3a%2f%2fimage.tmdb.org%2ft%2fp%2foriginal%2f7rwgEs15tFwyR9NPQ5vpzxTj19Q.jpg/</thumb>
		<action>ActivateWindow(Videos,"plugin://plugin.video.themoviedb.helper/?info=discover&amp;tmdb_type=tv&amp;with_watch_providers=337&amp;watch_region=US&amp;with_id=True&amp;widget=true",return)</action>
		</shortcut>
	<shortcut>
		<defaultID />
		<label>Apple iTunes</label>
		<label2>Extensions Vidéo</label2>
		<icon>DefaultShortcut.png</icon>
		<thumb>image://https%3a%2f%2fimage.tmdb.org%2ft%2fp%2foriginal%2fpeURlLlr8jggOwK53fJ5wdQl05y.jpg/</thumb>
		<action>ActivateWindow(Videos,"plugin://plugin.video.themoviedb.helper/?info=discover&amp;tmdb_type=tv&amp;with_watch_providers=2&amp;watch_region=US&amp;with_id=True&amp;widget=true",return)</action>
		</shortcut>
	<shortcut>
		<defaultID />
		<label>Starz</label>
		<label2>Extensions Vidéo</label2>
		<icon>DefaultShortcut.png</icon>
		<thumb>image://https%3a%2f%2fimage.tmdb.org%2ft%2fp%2foriginal%2fzVJhpmIEgdDVbDt5TB72sZu3qdO.jpg/</thumb>
		<action>ActivateWindow(Videos,"plugin://plugin.video.themoviedb.helper/?info=discover&amp;tmdb_type=tv&amp;with_watch_providers=43&amp;watch_region=US&amp;with_id=True&amp;widget=true",return)</action>
		</shortcut>
	<shortcut>
		<defaultID />
		<label>Autres Diffuseurs</label>
		<label2>Extensions Vidéo</label2>
		<icon>DefaultShortcut.png</icon>
		<thumb>special://skin/extras/icons/amazon.png</thumb>
		<action>ActivateWindow(Videos,"plugin://plugin.video.themoviedb.helper/?info=watch_providers&amp;tmdb_type=tv&amp;widget=true",return)</action>
		</shortcut>
	</shortcuts>
