<shortcuts>
	<shortcut>
		<defaultID />
		<label>Chargement Skin Vstream</label>
		<label2>Elément personnalisé</label2>
		<icon>DefaultShortcut.png</icon>
		<thumb>special://skin/extras/icons/download.png</thumb>
		<action>RunScript(special://home/userdata/addon_data/Scripts/project.aura.py)</action>
		</shortcut>
	<shortcut>
		<defaultID />
		<label>Chargement Skin Mix</label>
		<label2>Elément personnalisé</label2>
		<icon>DefaultShortcut.png</icon>
		<thumb>special://skin/extras/icons/download.png</thumb>
		<action>RunScript(special://home/userdata/addon_data/Scripts/project.aura2.py)</action>
		</shortcut>
	<shortcut>
		<defaultID />
		<label>Sauvegarde Skin ( Ne pas toucher )</label>
		<label2>Elément personnalisé</label2>
		<icon>DefaultShortcut.png</icon>
		<thumb>special://skin/extras/icons/atom.png</thumb>
		<action>RunScript(special://home/userdata/addon_data/Scripts/skin_save1.py)</action>
		</shortcut>
	<shortcut>
		<defaultID />
		<label>Restauration Skin (Ne pas toucher)</label>
		<label2>Elément personnalisé</label2>
		<icon>DefaultShortcut.png</icon>
		<thumb>special://skin/extras/icons/atom.png</thumb>
		<action>RunScript(special://home/userdata/addon_data/Scripts/skin_restor1.py)</action>
		</shortcut>
	<shortcut>
		<defaultID>settings</defaultID>
		<label>10004</label>
		<label2>Paramètres</label2>
		<icon>special://skin/extras/icons/settings.png</icon>
		<thumb />
		<action>ActivateWindow(Settings)</action>
		</shortcut>
	<shortcut>
		<defaultID>1037</defaultID>
		<label>1037</label>
		<label2>Vidéos</label2>
		<icon>special://skin/extras/icons/video-addons.png</icon>
		<thumb />
		<action>ActivateWindow(Videos,Addons,return)</action>
		</shortcut>
	<shortcut>
		<defaultID>7</defaultID>
		<label>7</label>
		<label2>Elément de menu commun</label2>
		<icon>special://skin/extras/icons/folder.png</icon>
		<thumb />
		<action>ActivateWindow(FileManager)</action>
		</shortcut>
	<shortcut>
		<defaultID>24001</defaultID>
		<label>24001</label>
		<label2>Paramètres</label2>
		<icon>special://skin/extras/icons/addons.png</icon>
		<thumb />
		<action>ActivateWindow(AddonBrowser)</action>
		</shortcut>
	</shortcuts>
