<shortcuts>
	<shortcut>
		<defaultID />
		<label>Recherche [COLOR lightcoral](Films)[/COLOR]</label>
		<label2>Extensions Vidéo</label2>
		<icon>DefaultShortcut.png</icon>
		<thumb>special://skin/extras/icons/search.png</thumb>
		<action>ActivateWindow(Videos,"plugin://plugin.video.vstream/?site=pastebin&amp;function=showSearch&amp;title=Recherche+&amp;siteUrl=https%3A%2F%2Fpastebin.com%2Fraw%2F%26sMedia%3Dfilm%26sSearch%3D&amp;sFav=showSearch",return)</action>
		</shortcut>
	<shortcut>
		<defaultID />
		<label>Films [COLOR lightcoral](Genres)[/COLOR]</label>
		<label2>Extensions Vidéo</label2>
		<icon>DefaultShortcut.png</icon>
		<thumb>special://skin/extras/icons/eye.png</thumb>
		<action>ActivateWindow(Videos,"plugin://plugin.video.vstream/?site=pastebin&amp;function=showGenreMovieTMDB&amp;title=Films+&amp;siteUrl=genre%2Fmovie%2Flist&amp;sFav=showGenreMovieTMDB",return)</action>
		</shortcut>
	<shortcut>
		<defaultID />
		<label>Films [COLOR lightcoral](Listes)[/COLOR]</label>
		<label2>Extensions Vidéo</label2>
		<icon>DefaultShortcut.png</icon>
		<thumb>special://skin/extras/icons/years.png</thumb>
		<action>ActivateWindow(Videos,"plugin://plugin.video.vstream/?site=pastebin&amp;function=showGroupes&amp;title=Films+&amp;siteUrl=https%3A%2F%2Fpastebin.com%2Fraw%2F%26numPage%3D1%26sMedia%3Dfilm&amp;sFav=showGroupes",return)</action>
		</shortcut>
	<shortcut>
		<defaultID />
		<label>Films avant 1970</label>
		<label2>Extensions Vidéo</label2>
		<icon>DefaultShortcut.png</icon>
		<thumb>special://skin/extras/icons/award.png</thumb>
		<action>ActivateWindow(Videos,"plugin://plugin.video.vstream/?site=pastebin&amp;function=showMenu&amp;title=Films+avant+1970&amp;pasteID=14",return)</action>
		</shortcut>
	<shortcut>
		<defaultID />
		<label>Films 1970-2000</label>
		<label2>Extensions Vidéo</label2>
		<icon>DefaultShortcut.png</icon>
		<thumb>special://skin/extras/icons/award.png</thumb>
		<action>ActivateWindow(Videos,"plugin://plugin.video.vstream/?site=pastebin&amp;function=showMenu&amp;title=Films+1970-2000&amp;pasteID=15",return)</action>
		</shortcut>
	<shortcut>
		<defaultID />
		<label>Films 2000 - 2009</label>
		<label2>Extensions Vidéo</label2>
		<icon>DefaultShortcut.png</icon>
		<thumb>special://skin/extras/icons/award.png</thumb>
		<action>ActivateWindow(Videos,"plugin://plugin.video.vstream/?site=pastebin&amp;function=showMenu&amp;title=Films+2000+-+2009&amp;pasteID=10",return)</action>
		</shortcut>
	<shortcut>
		<defaultID />
		<label>Films 2010 - 2019</label>
		<label2>Extensions Vidéo</label2>
		<icon>DefaultShortcut.png</icon>
		<thumb>special://skin/extras/icons/award.png</thumb>
		<action>ActivateWindow(Videos,"plugin://plugin.video.vstream/?site=pastebin&amp;function=showMenu&amp;title=Films+2010+-+2019&amp;pasteID=11",return)</action>
		</shortcut>
	<shortcut>
		<defaultID />
		<label>Films 2020 et plus</label>
		<label2>Extensions Vidéo</label2>
		<icon>DefaultShortcut.png</icon>
		<thumb>special://skin/extras/icons/award.png</thumb>
		<action>ActivateWindow(Videos,"plugin://plugin.video.vstream/?site=pastebin&amp;function=showMenu&amp;title=Films+2020+et+plus&amp;pasteID=12",return)</action>
		</shortcut>
	<shortcut>
		<defaultID />
		<label>Films Super Heros</label>
		<label2>Elément personnalisé</label2>
		<icon>DefaultShortcut.png</icon>
		<thumb>special://skin/extras/icons/award.png</thumb>
		<action>ActivateWindow(Videos,"plugin://plugin.video.vstream/?site=pastebin&amp;function=showGroupeDetails&amp;title=Super+Heros&amp;siteUrl=https%3A%2F%2Fpastebin.com%2Fraw%2F%26numPage%3D1%26sMedia%3Dfilm%26pasteID%3D16%26sGroupe%3DSuper+Heros&amp;sFav=showGroupeDetails",return)</action>
		</shortcut>
	<shortcut>
		<defaultID />
		<label>Dossiers</label>
		<label2>Elément personnalisé</label2>
		<icon>DefaultShortcut.png</icon>
		<thumb>special://skin/extras/icons/viewmode.png</thumb>
		<action>ActivateWindow(Videos,"plugin://plugin.video.vstream/?site=pastebin&amp;function=showGroupeDetails&amp;title=Dossier&amp;siteUrl=https%3A%2F%2Fpastebin.com%2Fraw%2F%26numPage%3D1%26sMedia%3Dfilm%26pasteID%3D13%26sGroupe%3DDossier&amp;sFav=showGroupeDetails",return)</action>
		</shortcut>
	</shortcuts>
