<shortcuts>
	<shortcut>
		<defaultID />
		<label>Recherche</label>
		<label2>Elément personnalisé</label2>
		<icon>DefaultShortcut.png</icon>
		<thumb>special://skin/extras/icons/search.png</thumb>
		<action>ActivateWindow(Videos,"plugin://plugin.video.vstream/?site=pastebin&amp;function=showMenu&amp;title=5+DAnime+Films+&amp;pasteID=9",return)</action>
		</shortcut>
	<shortcut>
		<defaultID />
		<label>Listes</label>
		<label2>Extensions Vidéo</label2>
		<icon>DefaultShortcut.png</icon>
		<thumb>special://skin/extras/icons/years.png</thumb>
		<action>ActivateWindow(Videos,"plugin://plugin.video.vstream/?site=pastebin&amp;function=showGroupes&amp;title=Films+&amp;siteUrl=https%3A%2F%2Fpastebin.com%2Fraw%2F%26numPage%3D1%26sMedia%3Dfilm%26pasteID%3D9&amp;sFav=showGroupes",return)</action>
		</shortcut>
	<shortcut>
		<defaultID />
		<label>Disney</label>
		<label2>Elément personnalisé</label2>
		<icon>DefaultShortcut.png</icon>
		<thumb>special://skin/extras/icons/_ walt disney studio archives.png</thumb>
		<action>ActivateWindow(Videos,"plugin://plugin.video.vstream/?site=pastebin&amp;function=showMenu&amp;title=5+Films+Disney+Anime&amp;pasteID=10",return)</action>
		</shortcut>
	<shortcut>
		<defaultID />
		<label>Films Séries Enfants</label>
		<label2>Extensions Vidéo</label2>
		<icon>DefaultShortcut.png</icon>
		<thumb>special://skin/extras/icons/_ 20th century fox.png</thumb>
		<action>ActivateWindow(Videos,"plugin://plugin.video.vstream/?site=pastebin&amp;function=showMenu&amp;title=5+Films+Series+Enfants&amp;pasteID=13",return)</action>
		</shortcut>
	<shortcut>
		<defaultID />
		<label>Annees 80</label>
		<label2>Extensions Vidéo</label2>
		<icon>DefaultShortcut.png</icon>
		<thumb>special://skin/extras/icons/reddit.png</thumb>
		<action>ActivateWindow(Videos,"plugin://plugin.video.vstream/?site=pastebin&amp;function=showMenu&amp;title=6+Dessin+Anime+80&amp;pasteID=19",return)</action>
		</shortcut>
	</shortcuts>
