<shortcuts>
	<shortcut>
		<defaultID />
		<label>Recherche</label>
		<label2>Elément personnalisé</label2>
		<icon>DefaultShortcut.png</icon>
		<thumb>special://skin/extras/icons/search.png</thumb>
		<action>ActivateWindow(Videos,"plugin://plugin.video.vstream/?site=pastebin&amp;function=showMenu&amp;title=7+Docs+Films+&amp;pasteID=20",return)</action>
		</shortcut>
	<shortcut>
		<defaultID />
		<label>Humoristes</label>
		<label2>Elément personnalisé</label2>
		<icon>DefaultShortcut.png</icon>
		<thumb>special://skin/extras/icons/ouya.png</thumb>
		<action>ActivateWindow(Videos,"plugin://plugin.video.vstream/?site=pastebin&amp;function=showMenu&amp;title=8+Humoriste&amp;pasteID=23",return)</action>
		</shortcut>
	<shortcut>
		<defaultID />
		<label>Spectacle</label>
		<label2>Elément personnalisé</label2>
		<icon>DefaultShortcut.png</icon>
		<thumb>special://skin/extras/icons/tv.png</thumb>
		<action>ActivateWindow(Videos,"plugin://plugin.video.vstream/?site=pastebin&amp;function=showGroupeDetails&amp;title=Spectacle&amp;siteUrl=https%3A%2F%2Fpastebin.com%2Fraw%2F%26numPage%3D1%26sMedia%3Dfilm%26pasteID%3D24%26sGroupe%3DSpectacle&amp;sFav=showGroupeDetails",return)</action>
		</shortcut>
	<shortcut>
		<defaultID />
		<label>Concerts</label>
		<label2>Elément personnalisé</label2>
		<icon>DefaultShortcut.png</icon>
		<thumb>special://skin/extras/icons/songs.png</thumb>
		<action>ActivateWindow(Videos,"plugin://plugin.video.vstream/?site=pastebin&amp;function=showMenu&amp;title=8+Concert&amp;pasteID=22",return)</action>
		</shortcut>
	<shortcut>
		<defaultID />
		<label>Series Docs</label>
		<label2>Elément personnalisé</label2>
		<icon>DefaultShortcut.png</icon>
		<thumb>special://skin/extras/icons/playlist.png</thumb>
		<action>ActivateWindow(Videos,"plugin://plugin.video.vstream/?site=pastebin&amp;function=showMenu&amp;title=7+Docs+Series+&amp;pasteID=21",return)</action>
		</shortcut>
	<shortcut>
		<defaultID />
		<label>Series Netflix</label>
		<label2>Elément personnalisé</label2>
		<icon>DefaultShortcut.png</icon>
		<thumb>special://skin/extras/icons/netflix.png</thumb>
		<action>ActivateWindow(Videos,"plugin://plugin.video.vstream/?site=pastebin&amp;function=showMovies&amp;title=Netflix&amp;siteUrl=https%3A%2F%2Fpastebin.com%2Fraw%2F%26numPage%3D1%26sMedia%3Dserie%26pasteID%3D21%26sNetwork%3D213%3ANetflix&amp;sTmdbId=213&amp;sMeta=8&amp;sFav=showMovies",return)</action>
		</shortcut>
	<shortcut>
		<defaultID />
		<label>Emission TV</label>
		<label2>Extensions Vidéo</label2>
		<icon>DefaultShortcut.png</icon>
		<thumb>special://skin/extras/icons/tv.png</thumb>
		<action>ActivateWindow(Videos,"plugin://plugin.video.vstream/?site=pastebin&amp;function=showMovies&amp;title=-Emission+TV&amp;siteUrl=https%3A%2F%2Fpastebin.com%2Fraw%2F%26numPage%3D1%26sMedia%3Dserie%26pasteID%3D21%26sGroupe%3D-Emission+TV&amp;sFav=showMovies",return)</action>
		</shortcut>
	</shortcuts>
