<shortcuts>
	<shortcut>
		<defaultID />
		<label>Actualiser Skin</label>
		<label2>Elément personnalisé</label2>
		<icon>DefaultShortcut.png</icon>
		<thumb>special://skin/extras/icons/update.png</thumb>
		<action>RELOADSKIN()</action>
		</shortcut>
	<shortcut>
		<defaultID />
		<label>Mise a jour Skin Vstream</label>
		<label2>Elément personnalisé</label2>
		<icon>DefaultShortcut.png</icon>
		<thumb>special://skin/extras/icons/download_repo.png</thumb>
		<action>RunScript(special://home/userdata/addon_data/Scripts/project.aura.py)</action>
		</shortcut>
	<shortcut>
		<defaultID />
		<label>Sauvegarde Skin (Ne pas toucher)</label>
		<label2>Elément personnalisé</label2>
		<icon>DefaultShortcut.png</icon>
		<thumb>special://skin/extras/icons/bookmark-star.png</thumb>
		<action>RunScript(special://home/userdata/addon_data/Scripts/skin_save1.py)</action>
		</shortcut>
	<shortcut>
		<defaultID />
		<label>Restauration Skin (Ne pas toucher)</label>
		<label2>Elément personnalisé</label2>
		<icon>DefaultShortcut.png</icon>
		<thumb>special://skin/extras/icons/award.png</thumb>
		<action>RunScript(special://home/userdata/addon_data/Scripts/skin_restor1.py)</action>
		</shortcut>
	</shortcuts>
