<shortcuts>
	<shortcut>
		<defaultID />
		<label>Spectacles Menu</label>
		<label2>Extensions Vidéo</label2>
		<icon>DefaultShortcut.png</icon>
		<thumb>special://skin/extras/icons/bookmarks.png</thumb>
		<action>ActivateWindow(Videos,"plugin://plugin.video.vstream/?site=pastebin&amp;function=showMenu&amp;title=Spectacle&amp;pasteID=38",return)</action>
		</shortcut>
	<shortcut>
		<defaultID />
		<label>Concerts Menu</label>
		<label2>Extensions Vidéo</label2>
		<icon>DefaultShortcut.png</icon>
		<thumb>special://skin/extras/icons/bookmark.png</thumb>
		<action>ActivateWindow(Videos,"plugin://plugin.video.vstream/?site=pastebin&amp;function=showMenu&amp;title=Concert&amp;pasteID=36",return)</action>
		</shortcut>
	<shortcut>
		<defaultID />
		<label>Humoristes Menu</label>
		<label2>Extensions Vidéo</label2>
		<icon>DefaultShortcut.png</icon>
		<thumb>special://skin/extras/icons/clipboard.png</thumb>
		<action>ActivateWindow(Videos,"plugin://plugin.video.vstream/?site=pastebin&amp;function=showMenu&amp;title=Humoriste&amp;pasteID=37",return)</action>
		</shortcut>
	</shortcuts>
