<?xml version='1.0' encoding='UTF-8'?>
<tv>
  <channel id="C4.api.telerama.fr">
    <display-name>France 2</display-name>
    <icon src="https://television.telerama.fr/sites/tr_master/files/sheet_media/tv/500x500/4.png" />
  </channel>
  <channel id="C34.api.telerama.fr">
    <display-name>Canal+</display-name>
    <icon src="https://television.telerama.fr/sites/tr_master/files/sheet_media/tv/500x500/34.png" />
  </channel>
  <channel id="C47.api.telerama.fr">
    <display-name>France 5</display-name>
    <icon src="https://television.telerama.fr/sites/tr_master/files/sheet_media/tv/500x500/47.png" />
  </channel>
  <channel id="C64.api.telerama.fr">
    <display-name>Equidia</display-name>
    <icon src="https://television.telerama.fr/sites/tr_master/files/sheet_media/tv/500x500/64.png" />
  </channel>
  <channel id="C78.api.telerama.fr">
    <display-name>France 4</display-name>
    <icon src="https://television.telerama.fr/sites/tr_master/files/sheet_media/tv/500x500/78.png" />
  </channel>
  <channel id="C80.api.telerama.fr">
    <display-name>France 3</display-name>
    <icon src="https://television.telerama.fr/sites/tr_master/files/sheet_media/tv/500x500/80.png" />
  </channel>
  <channel id="C110.api.telerama.fr">
    <display-name>KTO</display-name>
    <icon src="https://television.telerama.fr/sites/tr_master/files/sheet_media/tv/500x500/110.png" />
  </channel>
  <channel id="C111.api.telerama.fr">
    <display-name>Arte</display-name>
    <icon src="https://television.telerama.fr/sites/tr_master/files/sheet_media/tv/500x500/111.png" />
  </channel>
  <channel id="C112.api.telerama.fr">
    <display-name>LCI</display-name>
    <icon src="https://television.telerama.fr/sites/tr_master/files/sheet_media/tv/500x500/112.png" />
  </channel>
  <channel id="C118.api.telerama.fr">
    <display-name>M6</display-name>
    <icon src="https://television.telerama.fr/sites/tr_master/files/sheet_media/tv/500x500/118.png" />
  </channel>
  <channel id="C119.api.telerama.fr">
    <display-name>W9</display-name>
    <icon src="https://television.telerama.fr/sites/tr_master/files/sheet_media/tv/500x500/119.png" />
  </channel>
  <channel id="C140.api.telerama.fr">
    <display-name>Euronews</display-name>
    <icon src="https://television.telerama.fr/sites/tr_master/files/sheet_media/tv/500x500/140.png" />
  </channel>
  <channel id="C182.api.telerama.fr">
    <display-name>SWR</display-name>
    <icon src="https://television.telerama.fr/sites/tr_master/files/sheet_media/tv/500x500/182.png" />
  </channel>
  <channel id="C183.api.telerama.fr">
    <display-name>RTS Deux</display-name>
    <icon src="https://television.telerama.fr/sites/tr_master/files/sheet_media/tv/500x500/183.png" />
  </channel>
  <channel id="C184.api.telerama.fr">
    <display-name>M6 Boutique</display-name>
    <icon src="https://television.telerama.fr/sites/tr_master/files/sheet_media/tv/500x500/184.png" />
  </channel>
  <channel id="C192.api.telerama.fr">
    <display-name>TF1</display-name>
    <icon src="https://television.telerama.fr/sites/tr_master/files/sheet_media/tv/500x500/192.png" />
  </channel>
  <channel id="C195.api.telerama.fr">
    <display-name>TMC</display-name>
    <icon src="https://television.telerama.fr/sites/tr_master/files/sheet_media/tv/500x500/195.png" />
  </channel>
  <channel id="C205.api.telerama.fr">
    <display-name>TV5MONDE</display-name>
    <icon src="https://television.telerama.fr/sites/tr_master/files/sheet_media/tv/500x500/205.png" />
  </channel>
  <channel id="C226.api.telerama.fr">
    <display-name>CNEWS</display-name>
    <icon src="https://television.telerama.fr/sites/tr_master/files/sheet_media/tv/500x500/226.png" />
  </channel>
  <channel id="C234.api.telerama.fr">
    <display-name>La Chaîne parlementaire</display-name>
    <icon src="https://television.telerama.fr/sites/tr_master/files/sheet_media/tv/500x500/234.png" />
  </channel>
  <channel id="C240.api.telerama.fr">
    <display-name>Nouvelle-Calédonie la 1ère</display-name>
    <icon src="https://television.telerama.fr/sites/tr_master/files/sheet_media/tv/500x500/240.png" />
  </channel>
  <channel id="C245.api.telerama.fr">
    <display-name>Réunion la 1ère</display-name>
    <icon src="https://television.telerama.fr/sites/tr_master/files/sheet_media/tv/500x500/245.png" />
  </channel>
  <channel id="C260.api.telerama.fr">
    <display-name>Guyane la 1ère</display-name>
    <icon src="https://television.telerama.fr/sites/tr_master/files/sheet_media/tv/500x500/260.png" />
  </channel>
  <channel id="C328.api.telerama.fr">
    <display-name>Martinique la 1ère</display-name>
    <icon src="https://television.telerama.fr/sites/tr_master/files/sheet_media/tv/500x500/328.png" />
  </channel>
  <channel id="C329.api.telerama.fr">
    <display-name>Guadeloupe la 1ère</display-name>
    <icon src="https://television.telerama.fr/sites/tr_master/files/sheet_media/tv/500x500/329.png" />
  </channel>
  <channel id="C444.api.telerama.fr">
    <display-name>NRJ 12</display-name>
    <icon src="https://television.telerama.fr/sites/tr_master/files/sheet_media/tv/500x500/444.png" />
  </channel>
  <channel id="C445.api.telerama.fr">
    <display-name>C8</display-name>
    <icon src="https://television.telerama.fr/sites/tr_master/files/sheet_media/tv/500x500/445.png" />
  </channel>
  <channel id="C446.api.telerama.fr">
    <display-name>TFX</display-name>
    <icon src="https://television.telerama.fr/sites/tr_master/files/sheet_media/tv/500x500/446.png" />
  </channel>
  <channel id="C458.api.telerama.fr">
    <display-name>CSTAR</display-name>
    <icon src="https://television.telerama.fr/sites/tr_master/files/sheet_media/tv/500x500/458.png" />
  </channel>
  <channel id="C459.api.telerama.fr">
    <display-name>Polynésie la 1ère</display-name>
    <icon src="https://television.telerama.fr/sites/tr_master/files/sheet_media/tv/500x500/459.png" />
  </channel>
  <channel id="C481.api.telerama.fr">
    <display-name>BFMTV</display-name>
    <icon src="https://television.telerama.fr/sites/tr_master/files/sheet_media/tv/500x500/481.png" />
  </channel>
  <channel id="C482.api.telerama.fr">
    <display-name>Gulli</display-name>
    <icon src="https://television.telerama.fr/sites/tr_master/files/sheet_media/tv/500x500/482.png" />
  </channel>
  <channel id="C529.api.telerama.fr">
    <display-name>France 24</display-name>
    <icon src="https://television.telerama.fr/sites/tr_master/files/sheet_media/tv/500x500/529.png" />
  </channel>
  <channel id="C1045.api.telerama.fr">
    <display-name>Mirabelle TV</display-name>
    <icon src="https://television.telerama.fr/sites/tr_master/files/sheet_media/tv/500x500/1045.png" />
  </channel>
  <channel id="C1073.api.telerama.fr">
    <display-name>BFM Business</display-name>
    <icon src="https://television.telerama.fr/sites/tr_master/files/sheet_media/tv/500x500/1073.png" />
  </channel>
  <channel id="C1399.api.telerama.fr">
    <display-name>Chérie 25</display-name>
    <icon src="https://television.telerama.fr/sites/tr_master/files/sheet_media/tv/500x500/1399.png" />
  </channel>
  <channel id="C1400.api.telerama.fr">
    <display-name>RMC Découverte</display-name>
    <icon src="https://television.telerama.fr/sites/tr_master/files/sheet_media/tv/500x500/1400.png" />
  </channel>
  <channel id="C1401.api.telerama.fr">
    <display-name>L'Equipe</display-name>
    <icon src="https://television.telerama.fr/sites/tr_master/files/sheet_media/tv/500x500/1401.png" />
  </channel>
  <channel id="C1402.api.telerama.fr">
    <display-name>RMC Story</display-name>
    <icon src="https://television.telerama.fr/sites/tr_master/files/sheet_media/tv/500x500/1402.png" />
  </channel>
  <channel id="C1403.api.telerama.fr">
    <display-name>6ter</display-name>
    <icon src="https://television.telerama.fr/sites/tr_master/files/sheet_media/tv/500x500/1403.png" />
  </channel>
  <channel id="C1404.api.telerama.fr">
    <display-name>TF1 Séries Films</display-name>
    <icon src="https://television.telerama.fr/sites/tr_master/files/sheet_media/tv/500x500/1404.png" />
  </channel>
  <channel id="C1921.api.telerama.fr">
    <display-name>France 3 Alpes</display-name>
    <icon src="https://television.telerama.fr/sites/tr_master/files/tele/imedia/150x150/1921.png" />
  </channel>
  <channel id="C1922.api.telerama.fr">
    <display-name>France 3 Alsace</display-name>
    <icon src="https://television.telerama.fr/sites/tr_master/files/tele/imedia/150x150/1922.png" />
  </channel>
  <channel id="C1923.api.telerama.fr">
    <display-name>France 3 Aquitaine</display-name>
    <icon src="https://television.telerama.fr/sites/tr_master/files/tele/imedia/150x150/1923.png" />
  </channel>
  <channel id="C1924.api.telerama.fr">
    <display-name>France 3 Auvergne</display-name>
    <icon src="https://television.telerama.fr/sites/tr_master/files/tele/imedia/150x150/1924.png" />
  </channel>
  <channel id="C1925.api.telerama.fr">
    <display-name>France 3 Basse-Normandie</display-name>
    <icon src="https://television.telerama.fr/sites/tr_master/files/tele/imedia/150x150/1925.png" />
  </channel>
  <channel id="C1926.api.telerama.fr">
    <display-name>France 3 Bourgogne</display-name>
    <icon src="https://television.telerama.fr/sites/tr_master/files/tele/imedia/150x150/1926.png" />
  </channel>
  <channel id="C1927.api.telerama.fr">
    <display-name>France 3 Bretagne</display-name>
    <icon src="https://television.telerama.fr/sites/tr_master/files/tele/imedia/150x150/1927.png" />
  </channel>
  <channel id="C1928.api.telerama.fr">
    <display-name>France 3 Centre-Val de Loire</display-name>
    <icon src="https://television.telerama.fr/sites/tr_master/files/tele/imedia/150x150/1928.png" />
  </channel>
  <channel id="C1929.api.telerama.fr">
    <display-name>France 3 Champagne-Ardennes</display-name>
    <icon src="https://television.telerama.fr/sites/tr_master/files/tele/imedia/150x150/1929.png" />
  </channel>
  <channel id="C1931.api.telerama.fr">
    <display-name>France 3 Côte d'Azur</display-name>
    <icon src="https://television.telerama.fr/sites/tr_master/files/tele/imedia/150x150/1931.png" />
  </channel>
  <channel id="C1932.api.telerama.fr">
    <display-name>France 3 Franche-Comté</display-name>
    <icon src="https://television.telerama.fr/sites/tr_master/files/tele/imedia/150x150/1932.png" />
  </channel>
  <channel id="C1933.api.telerama.fr">
    <display-name>France 3 Haute-Normandie</display-name>
    <icon src="https://television.telerama.fr/sites/tr_master/files/tele/imedia/150x150/1933.png" />
  </channel>
  <channel id="C1934.api.telerama.fr">
    <display-name>France 3 Languedoc-Roussillon</display-name>
    <icon src="https://television.telerama.fr/sites/tr_master/files/tele/imedia/150x150/1934.png" />
  </channel>
  <channel id="C1935.api.telerama.fr">
    <display-name>France 3 Limousin</display-name>
    <icon src="https://television.telerama.fr/sites/tr_master/files/tele/imedia/150x150/1935.png" />
  </channel>
  <channel id="C1936.api.telerama.fr">
    <display-name>France 3 Lorraine</display-name>
    <icon src="https://television.telerama.fr/sites/tr_master/files/tele/imedia/150x150/1936.png" />
  </channel>
  <channel id="C1937.api.telerama.fr">
    <display-name>France 3 Midi-Pyrénées</display-name>
    <icon src="https://television.telerama.fr/sites/tr_master/files/tele/imedia/150x150/1937.png" />
  </channel>
  <channel id="C1938.api.telerama.fr">
    <display-name>France 3 Nord Pas-de-Calais</display-name>
    <icon src="https://television.telerama.fr/sites/tr_master/files/tele/imedia/150x150/1938.png" />
  </channel>
  <channel id="C1939.api.telerama.fr">
    <display-name>France 3 Paris Ile-de-France</display-name>
    <icon src="https://television.telerama.fr/sites/tr_master/files/tele/imedia/150x150/1939.png" />
  </channel>
  <channel id="C1940.api.telerama.fr">
    <display-name>France 3 Pays de la Loire</display-name>
    <icon src="https://television.telerama.fr/sites/tr_master/files/tele/imedia/150x150/1940.png" />
  </channel>
  <channel id="C1941.api.telerama.fr">
    <display-name>France 3 Picardie</display-name>
    <icon src="https://television.telerama.fr/sites/tr_master/files/tele/imedia/150x150/1941.png" />
  </channel>
  <channel id="C1942.api.telerama.fr">
    <display-name>France 3 Poitou-Charentes</display-name>
    <icon src="https://television.telerama.fr/sites/tr_master/files/tele/imedia/150x150/1942.png" />
  </channel>
  <channel id="C1943.api.telerama.fr">
    <display-name>France 3 Provence-Alpes</display-name>
    <icon src="https://television.telerama.fr/sites/tr_master/files/tele/imedia/150x150/1943.png" />
  </channel>
  <channel id="C1944.api.telerama.fr">
    <display-name>France 3 Rhône-Alpes</display-name>
    <icon src="https://television.telerama.fr/sites/tr_master/files/tele/imedia/150x150/1944.png" />
  </channel>
  <channel id="C2111.api.telerama.fr">
    <display-name>Franceinfo</display-name>
    <icon src="https://television.telerama.fr/sites/tr_master/files/sheet_media/tv/500x500/2111.png" />
  </channel>
  <channel id="C3163.api.telerama.fr">
    <display-name>Culturebox</display-name>
    <icon src="https://television.telerama.fr/" />
  </channel>
  <programme channel="C4.api.telerama.fr" start="20220430232500" stop="20220430233000">
    <title>Météo 2</title>
    <desc lang="fr">Le point, plusieurs fois par jour, sur l'évolution de la météo, grâce à des cartes et des explications.</desc>
    <category lang="fr">météo</category>
    <length units="minutes">5</length>
    <icon src="https://focus.telerama.fr/1111x625/2021/09/21/924414e95e840ec5104e1366fe694b5880482ccd.jpg" />
    <rating system="CSA">
      <value>Tout public</value>
    </rating>
  </programme>
  <programme channel="C4.api.telerama.fr" start="20220430233000" stop="20220501013500">
    <title>N'oubliez pas les paroles</title>
    <sub-title>Le tournoi des Maestros</sub-title>
    <desc lang="fr">Pour cette troisième manche, la Fondation Recherche Alzheimer est à l'honneur. Dans l'espoir de lever des fonds pour cette oeuvre caritative, les équipes de maestros rentrent dans l'arène et se défient dans des épreuves créées pour mettre à l'épreuve leurs connaissances, leur mémoire mais aussi leur cohésion de groupe.</desc>
    <category lang="fr">divertissement : jeu</category>
    <length units="minutes">125</length>
    <icon src="https://focus.telerama.fr/1111x625/2021/12/23/368b3d6727ef629fa6f169097b49ae4a35cad890.jpg" />
    <previously-shown />
    <rating system="CSA">
      <value>Tout public</value>
    </rating>
  </programme>
  <programme channel="C34.api.telerama.fr" start="20220430230800" stop="20220501003300">
    <title>Vanishing</title>
    <desc lang="fr">Alice Launey, experte française de médecine légale, s'est rendue à Séoul pour présenter une méthode révolutionnaire de prise des empreintes digitales. A l'issue de sa présentation, elle est approchée par Jin-Ho, inspecteur de police coréen, qui sollicite son aide pour une affaire de meurtre. Entraînée dans un dossier qui touche au trafic d'organes, Alice doit affronter les démons de son passé, ravivés par cette enquête difficile et éprouvante. - Critique : Un peu de politique, un brin de romance et beaucoup de scènes d’autopsie. Voilà le programme de ce thriller trop générique qui associe, à Incheon (Corée du Sud), une pathologiste française et un commissaire de la police locale. Elle a mis au point une technique pour restaurer et identifier les corps mutilés et démembrés. Lui enquête sur un trafic d’organes et d’exploitation de la main-d’œuvre chinoise, jusqu’à pister un réseau mafieux.

La gravité de ce sujet n’incite pas vraiment le réalisateur à s’amuser avec les figures imposées du genre (l’étrangère mélancolique, le policier romantique, l’homme de main cruel). Quant à Olga Kurylenko, elle joue sur le registre du sourcil plissé et interrogateur, et se débat avec un scénario inutilement lesté d’une histoire de deuil et de culpabilité. Au moins, la volonté d’exposer les raisons de chacun et la dimension humaine de cette histoire monstrueuse l’emportent sur le flirt entre les deux héros, le choc des cultures française et coréenne et les procédures policières rébarbatives.</desc>
    <credits>
      <actor>Woo-Hyung Kim</actor>
      <actor>Maria Cristina Dantas</actor>
      <actor>Jack Jiwoo Hazelwood</actor>
      <actor>Olga Kurylenko</actor>
      <actor>Ji-won Ye</actor>
      <actor>Soi Park</actor>
      <actor>Grégory Gaule</actor>
      <actor>Elouan Castelnerac</actor>
      <actor>Seung-Jun Lee</actor>
      <actor>Michael Lee</actor>
      <actor>Yeon-Seok Yoo</actor>
      <actor>Dae-Hyun Kim</actor>
      <writer>Denis Dercourt</writer>
    </credits>
    <date>2021</date>
    <category lang="fr">film policier</category>
    <length units="minutes">85</length>
    <icon src="https://focus.telerama.fr/1111x625/2022/03/24/ffcb426c2e4dbd40f576200cd67c8afd411f9a77.jpg" />
    <audio>
      <stereo>bilingual</stereo>
    </audio>
    <previously-shown />
    <rating system="CSA">
      <value>-12</value>
      <icon src="http://upload.wikimedia.org/wikipedia/commons/thumb/b/b5/Moins12.svg/200px-Moins12.svg.png" />
    </rating>
    <star-rating>
      <value>3/5</value>
    </star-rating>
  </programme>
  <programme channel="C47.api.telerama.fr" start="20220430220000" stop="20220430220500">
    <title>La p'tite librairie</title>
    <desc lang="fr">François Busnel propose chaque jour de découvrir ou redécouvrir une oeuvre française ou étrangère : roman, essai, grand classique ou encore bande dessinée.</desc>
    <category lang="fr">magazine littéraire</category>
    <length units="minutes">5</length>
    <icon src="https://focus.telerama.fr/1111x625/2021/10/09/e12b49b40ec2abf9baef6637212f28e7f4f2e9a0.jpg" />
    <rating system="CSA">
      <value>Tout public</value>
    </rating>
  </programme>
  <programme channel="C47.api.telerama.fr" start="20220430220500" stop="20220430225500">
    <title>48 heures</title>
    <sub-title>La garde à vue d'Alain Berruet</sub-title>
    <desc lang="fr">Saison:2 - Episode:4 - Après le meurtre de Maëva Rousseau, en avril 2012, l'enquête piétine jusqu'à ce que les policiers interpellent Alain Berruet, un proche de la famille Rousseau.</desc>
    <date>2019</date>
    <category lang="fr">documentaire justice</category>
    <length units="minutes">50</length>
    <icon src="https://focus.telerama.fr/1111x625/2022/04/17/be0d58cf55af57433caf320aa177113d4f6492e1.jpg" />
    <episode-num system="xmltv_ns">1.3.</episode-num>
    <rating system="CSA">
      <value>Tout public</value>
    </rating>
  </programme>
  <programme channel="C47.api.telerama.fr" start="20220430225500" stop="20220501002500">
    <title>Carnac : sur les traces du royaume disparu</title>
    <desc lang="fr">A Carnac, dans le Morbihan, la multitude de menhirs continue de questionner les archéologues. Les recherches scientifiques les plus récentes ont identifié des dizaines de nouveaux alignements de stèles, dont certaines gisent sous la mer. Pourquoi, au Néolithique, les hommes ont-ils érigé à Carnac de gigantesques monuments funéraires, à la gloire de dignitaires aussi puissants que les pharaons ? A partir d'indices souvent infimes, les scientifiques tentent de percer les zones d'ombre qui subsistent encore sur ce site et cette société unique qui a rayonné et disparu brutalement au coeur de la Bretagne.</desc>
    <category lang="fr">documentaire civilisations</category>
    <length units="minutes">90</length>
    <icon src="https://focus.telerama.fr/1111x625/2022/04/06/212b0d7525e38e6622df9742f1db3d197f3ecff7.jpg" />
    <previously-shown />
    <rating system="CSA">
      <value>Tout public</value>
    </rating>
    <star-rating>
      <value>4/5</value>
    </star-rating>
  </programme>
  <programme channel="C64.api.telerama.fr" start="20220430221000" stop="20220430223000">
    <title>Ticket Gagnant</title>
    <category lang="fr">sport : hippisme</category>
    <length units="minutes">20</length>
    <icon src="https://focus.telerama.fr/1111x625/2021/06/18/41235b01f7f76e2d1f9d673d21b4233d94996e3c.jpg" />
    <rating system="CSA">
      <value>Tout public</value>
    </rating>
  </programme>
  <programme channel="C64.api.telerama.fr" start="20220430223000" stop="20220430224000">
    <title>Top courses</title>
    <desc lang="fr">Lignes droites, arrivées, images fortes, interviews : le meilleur des courses de la journée.</desc>
    <category lang="fr">magazine hippique</category>
    <length units="minutes">10</length>
    <icon src="https://focus.telerama.fr/1111x625/2021/09/27/cbb5fdb0c6d6035e3cbbed98faf1a5cceed072bd_C20765E4A981B102D20BA4A3AFF54FC7.jpg" />
    <rating system="CSA">
      <value>Tout public</value>
    </rating>
  </programme>
  <programme channel="C64.api.telerama.fr" start="20220430224000" stop="20220430230000">
    <title>Ticket Gagnant</title>
    <category lang="fr">sport : hippisme</category>
    <length units="minutes">20</length>
    <icon src="https://focus.telerama.fr/1111x625/2021/08/09/748e9c9057dcecfd23ca013d35cc8e993e59f123.jpg" />
    <rating system="CSA">
      <value>Tout public</value>
    </rating>
  </programme>
  <programme channel="C64.api.telerama.fr" start="20220430230000" stop="20220501040000">
    <title>L'intégrale des courses</title>
    <desc lang="fr">Toutes les courses du jour en différé : dernières lignes droites et arrivées.</desc>
    <category lang="fr">magazine hippique</category>
    <length units="hours">5</length>
    <icon src="https://focus.telerama.fr/1111x625/2021/09/27/cbb5fdb0c6d6035e3cbbed98faf1a5cceed072bd_C20765E4A981B102D20BA4A3AFF54FC7.jpg" />
    <rating system="CSA">
      <value>Tout public</value>
    </rating>
  </programme>
  <programme channel="C78.api.telerama.fr" start="20220430230500" stop="20220501004000">
    <title>Pierre Palmade : Aimez-moi</title>
    <desc lang="fr">Sept ans après son dernier seul-en-scène, Pierre Palmade est de retour dans "Aimez-moi", où des personnages maladroits, avec leur naïveté et leur lâcheté, leurs galères et leurs petits bonheurs, tentent de se faire aimer par tous les moyens. Grâce à son interprétation cinglante et surréaliste, Pierre Palmade permet à chacun de se reconnaître dans ces moments de vie qui parlent à tous le monde.</desc>
    <category lang="fr">humour</category>
    <length units="minutes">95</length>
    <icon src="https://focus.telerama.fr/1111x625/2021/03/31/a404a902-c664-4064-89c2-ce8ef532613a.jpg" />
    <previously-shown />
    <rating system="CSA">
      <value>Tout public</value>
    </rating>
  </programme>
  <programme channel="C80.api.telerama.fr" start="20220430221500" stop="20220430222000">
    <title>Météo</title>
    <desc lang="fr">Bulletin météorologique du service de presse de France 3-Météo France.</desc>
    <category lang="fr">météo</category>
    <length units="minutes">5</length>
    <icon src="https://focus.telerama.fr/1111x625/2021/10/08/b5b2de6389b36d2631fd99d9ab86b21a998dc5ed.jpg" />
    <rating system="CSA">
      <value>Tout public</value>
    </rating>
  </programme>
  <programme channel="C80.api.telerama.fr" start="20220430222000" stop="20220430222100">
    <title>Appassionata</title>
    <desc lang="fr">Magazine qui présente l'opéra ou le concert de musique classique qui va être maintenant diffusé sur France 3.</desc>
    <category lang="fr">magazine musical</category>
    <length units="minutes">1</length>
    <icon src="https://focus.telerama.fr/1111x625/2021/06/23/270e1b45db272d37bd5d80f30eabf217411916ec.jpg" />
    <rating system="CSA">
      <value>Tout public</value>
    </rating>
  </programme>
  <programme channel="C80.api.telerama.fr" start="20220430222100" stop="20220430233000">
    <title>Casse-Noisette</title>
    <sub-title>Festival Suresnes Cités Danse 2022</sub-title>
    <desc lang="fr">Blanca Li offre une version hip-hop et moderne de "Casse-Noisette", domptant le chef-d'oeuvre musical de Tchaïkovski dans une réorchestration urbaine.</desc>
    <category lang="fr">classique</category>
    <length units="minutes">69</length>
    <icon src="https://focus.telerama.fr/1111x625/2022/04/06/c370240319c02008d03861c28f7fb516ca4f4218.jpg" />
    <rating system="CSA">
      <value>Tout public</value>
    </rating>
  </programme>
  <programme channel="C80.api.telerama.fr" start="20220430233000" stop="20220501011500">
    <title>Deneuve, la reine Catherine</title>
    <desc lang="fr">On la dit froide, secrète et mystérieuse. Elle a la réputation de ne rien laisser percer de ses pensées intimes, de sa vie privée, de ses joies comme de ses tourments. Elle est parvenue à protéger sa famille, ses amours, ses choix de la curiosité des magazines et de son public. Un tour de force pour une carrière longue de soixante ans et riche de plus de cent trente films tournés avec les plus grands cinéastes du monde entier. Pourtant, la matière première d'un récit très personnel sur Catherine Deneuve existe : on la trouve dans les entretiens donnés par la comédienne depuis ses débuts jusqu'à aujourd'hui. Ils permettent de découvrir une autre Catherine Deneuve.</desc>
    <category lang="fr">documentaire culture</category>
    <length units="minutes">105</length>
    <icon src="https://focus.telerama.fr/1111x625/2022/01/31/33a19fc5f30b74bae7b68eeeba0e5212490f8742.jpg" />
    <previously-shown />
    <rating system="CSA">
      <value>Tout public</value>
    </rating>
    <star-rating>
      <value>4/5</value>
    </star-rating>
  </programme>
  <programme channel="C110.api.telerama.fr" start="20220430221000" stop="20220430224200">
    <title>Chapelet à Lourdes</title>
    <desc lang="fr">Tous les jours à 15h30 : retransmission en direct du Chapelet depuis Lourdes, en partenariat avec les Sanctuaires.</desc>
    <category lang="fr">emission religieuse</category>
    <length units="minutes">32</length>
    <icon src="https://focus.telerama.fr/1111x625/2021/09/06/6abe219a7860b7c7ed518e6a88e14b2c37676470.jpg" />
    <rating system="CSA">
      <value>Tout public</value>
    </rating>
  </programme>
  <programme channel="C110.api.telerama.fr" start="20220430224200" stop="20220430233700">
    <title>Lumière intérieure</title>
    <desc lang="fr">Trois samedis par mois, une personnalité donne à voir sa lumière intérieure. Journalistes, chroniqueurs, auteurs, artistes, sportifs livrent ainsi leur regard sur le monde, sur la vie, leur ressort intérieur et leurs raisons de se lever le matin.</desc>
    <category lang="fr">magazine religieux</category>
    <length units="minutes">55</length>
    <icon src="https://focus.telerama.fr/1111x625/2021/09/20/977b251e20eb35aa1586a6311de6ce5a77e47fcc.jpg" />
    <previously-shown />
    <rating system="CSA">
      <value>Tout public</value>
    </rating>
  </programme>
  <programme channel="C110.api.telerama.fr" start="20220430233700" stop="20220430234900">
    <title>Dominicains TV</title>
    <sub-title>Dominicains TV du 25 avril 2022</sub-title>
    <desc lang="fr">Les dominicains de Belgique proposent depuis leur studio de Liège, des entretiens passionnants sur un sujet de société ou un thème théologique, sur une question bioéthique, l'écologie, l'Histoire ou la littérature. Ces entretiens sont diffusés par KTO cette saison, à raison d'une séquence de 7 minutes par semaine.</desc>
    <category lang="fr">magazine religieux</category>
    <length units="minutes">12</length>
    <icon src="https://focus.telerama.fr/1111x625/2021/11/15/361146b9304986e29427ddfcdabb8c7b638c6509.jpg" />
    <previously-shown />
    <rating system="CSA">
      <value>Tout public</value>
    </rating>
  </programme>
  <programme channel="C110.api.telerama.fr" start="20220430234900" stop="20220501052500">
    <title>Programmes de la nuit</title>
    <category lang="fr">programme indéterminé</category>
    <length units="minutes">336</length>
    <icon src="https://focus.telerama.fr/1111x625/2021/07/13/d45b2cbc9aa987a98f831e7d82a088ce8e8a0faf.jpg" />
    <rating system="CSA">
      <value>Tout public</value>
    </rating>
  </programme>
  <programme channel="C111.api.telerama.fr" start="20220430221000" stop="20220430230500">
    <title>La bataille qui a fait les Habsbourg</title>
    <desc lang="fr">Après la mort de Frédéric II de Hohenstaufen en 1250, l'empire connaît une période d'anarchie d'une quinzaine d'années, appelée "Grand Interrègne". Plusieurs rois tentent de s'imposer sur le trône, dont le riche Ottokar II. Afin de devenir empereur du Saint Empire, cet homme puissant doit d'abord se faire élire roi des Romains par les princes. Mais lorsque l'élection survient, en 1273, un candidat alors inconnu est choisi : le comte Rodolphe de Habsbourg. Une effroyable concurrence naît entre les deux hommes, qui s'affronteront cinq ans plus tard lors de la bataille de Marchfeld. Près de 750 ans plus tard, des archéologues tentent enfin d'élucider les mystères qui entourent cette bataille.</desc>
    <category lang="fr">documentaire histoire</category>
    <length units="minutes">55</length>
    <icon src="https://focus.telerama.fr/1111x625/2022/04/17/af1aca4f79faa7346f2fc5157565497d2a3b7abc.jpg" />
    <audio>
      <stereo>bilingual</stereo>
    </audio>
    <rating system="CSA">
      <value>Tout public</value>
    </rating>
  </programme>
  <programme channel="C111.api.telerama.fr" start="20220430230500" stop="20220430233500">
    <title>42, la réponse à presque tout</title>
    <sub-title>Où migrent les humains ?</sub-title>
    <desc lang="fr">Saison:1 - Episode:29 - Pendant longtemps, l'être humain a été nomade. Si aujourd'hui, ceux qui quittent le pays où ils sont nés sont encore peu nombreux, leur part ne cesse pourtant d'augmenter.</desc>
    <date>2021</date>
    <category lang="fr">documentaire sciences et technique</category>
    <length units="minutes">30</length>
    <icon src="https://focus.telerama.fr/1111x625/2022/04/17/5c646aebfe2c59e93ac8ef9e46a7b61ee69038af.jpg" />
    <episode-num system="xmltv_ns">0.28.</episode-num>
    <audio>
      <stereo>bilingual</stereo>
    </audio>
    <rating system="CSA">
      <value>Tout public</value>
    </rating>
  </programme>
  <programme channel="C111.api.telerama.fr" start="20220430233500" stop="20220501000500">
    <title>Streetphilosophy</title>
    <sub-title>Prends-le avec humour</sub-title>
    <desc lang="fr">Tourné dans les rues berlinoises, "Streetphilosophy" part d'un mot, d'une injonction ou d'une citation pour mener une réflexion avec les clés de lecture d'aujourd'hui et s'efforcer de redonner du sens à nos vies. Un magazine qui va à la rencontre de celles et ceux qui aiment faire bouger le monde.</desc>
    <category lang="fr">magazine culturel</category>
    <length units="minutes">30</length>
    <icon src="https://focus.telerama.fr/1111x625/2021/10/17/47b4895cd384ee4c00762858a5432e5e625aa1ee.jpg" />
    <audio>
      <stereo>bilingual</stereo>
    </audio>
    <rating system="CSA">
      <value>Tout public</value>
    </rating>
  </programme>
  <programme channel="C112.api.telerama.fr" start="20220430220000" stop="20220501043000">
    <title>Programmes de la nuit</title>
    <category lang="fr">programme indéterminé</category>
    <length units="minutes">390</length>
    <icon src="https://focus.telerama.fr/1111x625/2021/07/13/d45b2cbc9aa987a98f831e7d82a088ce8e8a0faf.jpg" />
    <rating system="CSA">
      <value>Tout public</value>
    </rating>
  </programme>
  <programme channel="C118.api.telerama.fr" start="20220430223000" stop="20220430232500">
    <title>MacGyver *2016</title>
    <sub-title>De l'eau dans le gaz</sub-title>
    <desc lang="fr">Saison:2 - Episode:9 - Des cartouches contenant un gaz neurotoxique mortel ont été saisies en Bulgarie et rapatriées aux Etats-Unis mais l'une d'entre elles a été vendue au marché noir. Mac, Jack et Samantha doivent la récupérer et identifier les acheteurs. Par ailleurs, Bozer est soumis aux techniques d'interrogatoire et s'exerce avec Leanna. De son côté, Jack met en garde Elwood quant à ses intentions envers sa fille Riley...</desc>
    <credits>
      <director>Bobby Roth</director>
      <actor>Justin Hires</actor>
      <actor>Isabel Lucas</actor>
      <actor>Lucas Till</actor>
      <actor>Reign Edwards</actor>
      <actor>George Eads</actor>
      <actor>Eaton Meredith</actor>
      <actor>Louis Ozawa</actor>
      <actor>William Baldwin</actor>
      <actor>Mays Tristin</actor>
      <writer>Nancy Kiu</writer>
      <writer>Marqui Jackson</writer>
      <writer>Brian Durkin</writer>
      <writer>David Lee</writer>
    </credits>
    <date>2017</date>
    <category lang="fr">série d'action</category>
    <length units="minutes">55</length>
    <icon src="https://focus.telerama.fr/1111x625/2021/03/29/6c44c9b7-5d80-466b-924e-ebafb43cd6fa.jpg" />
    <episode-num system="xmltv_ns">1.8.</episode-num>
    <audio>
      <stereo>bilingual</stereo>
    </audio>
    <rating system="CSA">
      <value>Tout public</value>
    </rating>
  </programme>
  <programme channel="C118.api.telerama.fr" start="20220430232500" stop="20220501002000">
    <title>MacGyver *2016</title>
    <sub-title>Sauvetage à distance</sub-title>
    <desc lang="fr">Saison:2 - Episode:10 - Un bateau de recherches situé dans l'océan Arctique est en péril après une explosion dans la salle des machines ayant entraîné la mort d'une partie de l'équipage. Livrés à eux-mêmes, les étudiants et Zoe Kimura, leur enseignante, vont être guidés par Mac. Celui-ci organise le sauvetage à distance par vidéo interposée. Pendant ce temps, Jack kidnappe Elwood pour mieux le protéger de ses ennemis...</desc>
    <credits>
      <director>Tawnia McKiernan</director>
      <actor>Reign Edwards</actor>
      <actor>Lucas Till</actor>
      <actor>Justin Hires</actor>
      <actor>Mays Tristin</actor>
      <actor>William Baldwin</actor>
      <actor>George Eads</actor>
      <actor>Amy Okuda</actor>
      <actor>Luna Lauren</actor>
      <writer>Karlsruher Andrew</writer>
      <writer>Brian Durkin</writer>
      <writer>David Lee</writer>
    </credits>
    <date>2017</date>
    <category lang="fr">série d'action</category>
    <length units="minutes">55</length>
    <icon src="https://focus.telerama.fr/1111x625/2021/03/29/eb5a2ea3-6ecb-4dbb-9373-d15aa81b7197.jpg" />
    <episode-num system="xmltv_ns">1.9.</episode-num>
    <audio>
      <stereo>bilingual</stereo>
    </audio>
    <rating system="CSA">
      <value>Tout public</value>
    </rating>
  </programme>
  <programme channel="C140.api.telerama.fr" start="20220430220000" stop="20220430221200">
    <title>Global Week-End</title>
    <desc lang="fr">L'information internationale du …</desc>
    <category lang="fr">documentaire société</category>
    <length units="minutes">12</length>
    <icon src="https://focus.telerama.fr/1111x625/2021/10/26/1f05eca3341892feae906229b9382ef7efd14a8d.jpg" />
    <rating system="CSA">
      <value>Tout public</value>
    </rating>
  </programme>
  <programme channel="C140.api.telerama.fr" start="20220430221200" stop="20220430222500">
    <title>Global Week-End</title>
    <desc lang="fr">L'information internationale du …</desc>
    <category lang="fr">documentaire société</category>
    <length units="minutes">13</length>
    <icon src="https://focus.telerama.fr/1111x625/2021/10/26/1f05eca3341892feae906229b9382ef7efd14a8d.jpg" />
    <rating system="CSA">
      <value>Tout public</value>
    </rating>
  </programme>
  <programme channel="C140.api.telerama.fr" start="20220430222500" stop="20220430223800">
    <title>Global Week-End</title>
    <desc lang="fr">L'information internationale du …</desc>
    <category lang="fr">documentaire société</category>
    <length units="minutes">13</length>
    <icon src="https://focus.telerama.fr/1111x625/2021/10/26/1f05eca3341892feae906229b9382ef7efd14a8d.jpg" />
    <rating system="CSA">
      <value>Tout public</value>
    </rating>
  </programme>
  <programme channel="C140.api.telerama.fr" start="20220430223800" stop="20220430224900">
    <title>Global Week-End</title>
    <desc lang="fr">L'information internationale du …</desc>
    <category lang="fr">documentaire société</category>
    <length units="minutes">11</length>
    <icon src="https://focus.telerama.fr/1111x625/2021/10/26/1f05eca3341892feae906229b9382ef7efd14a8d.jpg" />
    <rating system="CSA">
      <value>Tout public</value>
    </rating>
  </programme>
  <programme channel="C140.api.telerama.fr" start="20220430224900" stop="20220430230000">
    <title>Global Week-End</title>
    <desc lang="fr">L'information internationale du …</desc>
    <category lang="fr">documentaire société</category>
    <length units="minutes">11</length>
    <icon src="https://focus.telerama.fr/1111x625/2021/10/26/1f05eca3341892feae906229b9382ef7efd14a8d.jpg" />
    <rating system="CSA">
      <value>Tout public</value>
    </rating>
  </programme>
  <programme channel="C140.api.telerama.fr" start="20220430230000" stop="20220430230800">
    <title>Global Week-End</title>
    <desc lang="fr">L'information internationale du …</desc>
    <category lang="fr">documentaire société</category>
    <length units="minutes">8</length>
    <icon src="https://focus.telerama.fr/1111x625/2021/10/26/1f05eca3341892feae906229b9382ef7efd14a8d.jpg" />
    <rating system="CSA">
      <value>Tout public</value>
    </rating>
  </programme>
  <programme channel="C140.api.telerama.fr" start="20220430230800" stop="20220430231600">
    <title>State of the Union</title>
    <desc lang="fr">Anticipez les actualités européennes de la semaine grâce à State of the Union d'euronews. Il vous présente les actualités de la semaine passée ainsi que celles à venir pour les affaires politiques, économiques et financières européenne.</desc>
    <category lang="fr">documentaire economie</category>
    <length units="minutes">8</length>
    <icon src="https://focus.telerama.fr/1111x625/2021/07/19/0118e756fbdf09f04aa11d4a89789161a189727c.jpg" />
    <rating system="CSA">
      <value>Tout public</value>
    </rating>
  </programme>
  <programme channel="C140.api.telerama.fr" start="20220430231600" stop="20220430232900">
    <title>Global Week-End</title>
    <desc lang="fr">L'information internationale du …</desc>
    <category lang="fr">documentaire société</category>
    <length units="minutes">13</length>
    <icon src="https://focus.telerama.fr/1111x625/2021/10/26/1f05eca3341892feae906229b9382ef7efd14a8d.jpg" />
    <rating system="CSA">
      <value>Tout public</value>
    </rating>
  </programme>
  <programme channel="C140.api.telerama.fr" start="20220430232900" stop="20220501000000">
    <title>Global Week-End</title>
    <desc lang="fr">L'information internationale du …</desc>
    <category lang="fr">documentaire société</category>
    <length units="minutes">31</length>
    <icon src="https://focus.telerama.fr/1111x625/2021/10/26/1f05eca3341892feae906229b9382ef7efd14a8d.jpg" />
    <rating system="CSA">
      <value>Tout public</value>
    </rating>
  </programme>
  <programme channel="C192.api.telerama.fr" start="20220430224000" stop="20220501043000">
    <title>Programmes de la nuit</title>
    <desc lang="fr">Retrouvez tous vos programmes de nuit.</desc>
    <category lang="fr">programme indéterminé</category>
    <length units="minutes">350</length>
    <icon src="https://focus.telerama.fr/1111x625/2021/07/13/d45b2cbc9aa987a98f831e7d82a088ce8e8a0faf.jpg" />
    <premiere />
    <rating system="CSA">
      <value>Tout public</value>
    </rating>
  </programme>
  <programme channel="C195.api.telerama.fr" start="20220430222000" stop="20220501044500">
    <title>Programmes de la nuit</title>
    <desc lang="fr">Retrouvez tous vos programmes de nuit.</desc>
    <category lang="fr">programme indéterminé</category>
    <length units="minutes">385</length>
    <icon src="https://focus.telerama.fr/1111x625/2021/07/13/d45b2cbc9aa987a98f831e7d82a088ce8e8a0faf.jpg" />
    <rating system="CSA">
      <value>Tout public</value>
    </rating>
  </programme>
  <programme channel="C205.api.telerama.fr" start="20220430222000" stop="20220430231000">
    <title>On va s'aimer un peu, beaucoup</title>
    <sub-title>Ryan</sub-title>
    <desc lang="fr">Saison:1 - Episode:8 - Ryan, un adolescent difficile, est inculpé pour une affaire de drogue. Il est mineur, mais a fait une demande d'émancipation qui aurait pour conséquence de le voir jugé comme une personne majeure. Audrey sent que la mère de Ryan n'est pas aussi innocente qu'elle le prétend. Pour Sofia, la sentence tombe. Elle est radiée pendant un an. L'organisation du cabinet s'en trouve perturbée...</desc>
    <credits>
      <director>Stéphane Malhuret</director>
      <actor>Joseph Malerba</actor>
      <actor>Lionel Erdogan</actor>
      <actor>Plantade Grégoire</actor>
      <actor>Samir Boitard</actor>
      <actor>Sara Mortensen</actor>
      <actor>Des Charlotte</actor>
      <actor>Clémentine Justine</actor>
      <actor>Ophélia Kolb</actor>
      <actor>Catherine Marchal</actor>
      <actor>Johanna Tixier</actor>
      <actor>Moïse Santamaria</actor>
      <actor>Aline Chétail</actor>
      <writer>Emmanuelle Rey-Magnan</writer>
      <writer>Pascal Fontanille</writer>
      <writer>Marie Vinoy</writer>
      <writer>Rey-Magnan Emmanuelle</writer>
      <writer>Fontanille Pascal</writer>
    </credits>
    <date>2017</date>
    <category lang="fr">série judiciaire</category>
    <length units="minutes">50</length>
    <icon src="https://focus.telerama.fr/1111x625/2022/03/27/4f7b8778db26dfd85e6dfcb1bb4b798e667a54a2.jpg" />
    <episode-num system="xmltv_ns">0.7.</episode-num>
    <rating system="CSA">
      <value>Tout public</value>
    </rating>
  </programme>
  <programme channel="C205.api.telerama.fr" start="20220430231000" stop="20220430233600">
    <title>TV5MONDE, le journal Afrique</title>
    <desc lang="fr">Toute l'actualité africaine proposée par la rédaction de TV5MONDE.</desc>
    <category lang="fr">journal</category>
    <length units="minutes">26</length>
    <icon src="https://focus.telerama.fr/1111x625/2021/11/04/19435ecc1bbc29e56ea647568d364f4cd0fdfbaf.jpg" />
    <rating system="CSA">
      <value>Tout public</value>
    </rating>
  </programme>
  <programme channel="C205.api.telerama.fr" start="20220430233600" stop="20220430234000">
    <title>Météo</title>
    <desc lang="fr">Le bulletin météorologique international.</desc>
    <category lang="fr">météo</category>
    <length units="minutes">4</length>
    <icon src="https://focus.telerama.fr/1111x625/2021/08/11/068877912288acebf5a62380009f0fd2ae46190f.jpg" />
    <rating system="CSA">
      <value>Tout public</value>
    </rating>
  </programme>
  <programme channel="C205.api.telerama.fr" start="20220430234000" stop="20220501001000">
    <title>Stars parade</title>
    <desc lang="fr">''Stars parade'' est une émission musicale consacrée aux artistes africains. En privilégiant les rencontres et les genres, Stars parade permet à la musique africaine de s'exprimer et de se faire connaître à travers le monde grâce à sa diversité culturelle et à la richesse de ses mélodies.</desc>
    <category lang="fr">magazine musical</category>
    <length units="minutes">30</length>
    <icon src="https://focus.telerama.fr/1111x625/2021/06/16/56504d502312d830eb9dd9c4f1f26fb80c607a7d.jpg" />
    <rating system="CSA">
      <value>Tout public</value>
    </rating>
  </programme>
  <programme channel="C226.api.telerama.fr" start="20220430222600" stop="20220430222800">
    <title>Météo du soir</title>
    <sub-title>Prévisions pour le lendemain</sub-title>
    <desc lang="fr">Quel temps fera-t-il? Découvrez des informations utiles sur les conditions météorologiques qui nous attendent demain.</desc>
    <category lang="fr">météo</category>
    <length units="minutes">2</length>
    <icon src="https://focus.telerama.fr/1111x625/2022/04/02/d0499e51c5c33fe0659f2ad84a24d08187dd40f0.jpg" />
    <rating system="CSA">
      <value>Tout public</value>
    </rating>
  </programme>
  <programme channel="C226.api.telerama.fr" start="20220430222800" stop="20220430225600">
    <title>Edition de la nuit</title>
    <desc lang="fr">Rediffusion en boucle du journal télévisé, du bulletin météo et de magazines, toute la nuit jusqu'au matin.</desc>
    <category lang="fr">journal</category>
    <length units="minutes">28</length>
    <icon src="https://focus.telerama.fr/1111x625/2022/03/12/52431ff1b9fda1178fc805fa58753e984d4fb1b8.jpg" />
    <rating system="CSA">
      <value>Tout public</value>
    </rating>
  </programme>
  <programme channel="C226.api.telerama.fr" start="20220430225600" stop="20220430225700">
    <title>Météo du soir</title>
    <sub-title>Prévisions pour le lendemain</sub-title>
    <desc lang="fr">Quel temps fera-t-il? Découvrez des informations utiles sur les conditions météorologiques qui nous attendent demain.</desc>
    <category lang="fr">météo</category>
    <length units="minutes">1</length>
    <icon src="https://focus.telerama.fr/1111x625/2022/04/02/d0499e51c5c33fe0659f2ad84a24d08187dd40f0.jpg" />
    <rating system="CSA">
      <value>Tout public</value>
    </rating>
  </programme>
  <programme channel="C226.api.telerama.fr" start="20220430225700" stop="20220430231900">
    <title>Edition de la nuit</title>
    <desc lang="fr">Rediffusion en boucle du journal télévisé, du bulletin météo et de magazines, toute la nuit jusqu'au matin.</desc>
    <category lang="fr">journal</category>
    <length units="minutes">22</length>
    <icon src="https://focus.telerama.fr/1111x625/2022/04/02/373c56c0ff9e4a82e6df224a1a3c4a09dbcbfcad.jpg" />
    <rating system="CSA">
      <value>Tout public</value>
    </rating>
  </programme>
  <programme channel="C226.api.telerama.fr" start="20220430231900" stop="20220430232400">
    <title>Hebdo de l'éco</title>
    <desc lang="fr">Eric de Riedmatten reçoit chaque week-end un invité dans #LHebdoDeLEco pour approfondir un sujet économique.</desc>
    <category lang="fr">interview</category>
    <length units="minutes">5</length>
    <icon src="https://focus.telerama.fr/1111x625/2022/04/02/592384b22877bef0b4920d01598db4096d054f6d.jpg" />
    <rating system="CSA">
      <value>Tout public</value>
    </rating>
  </programme>
  <programme channel="C226.api.telerama.fr" start="20220430232400" stop="20220430232500">
    <title>Météo du soir</title>
    <desc lang="fr">Découvrez les prévisions météorologiques du lendemain présentées par l'équipe de CNews qui suit pour vous les dernières informations de Météo France.</desc>
    <category lang="fr">météo</category>
    <length units="minutes">1</length>
    <icon src="https://focus.telerama.fr/1111x625/2022/04/02/d0499e51c5c33fe0659f2ad84a24d08187dd40f0.jpg" />
    <rating system="CSA">
      <value>Tout public</value>
    </rating>
  </programme>
  <programme channel="C226.api.telerama.fr" start="20220430232500" stop="20220430234700">
    <title>Edition de la nuit</title>
    <desc lang="fr">Rediffusion en boucle du journal télévisé, du bulletin météo et de magazines, toute la nuit jusqu'au matin.</desc>
    <category lang="fr">journal</category>
    <length units="minutes">22</length>
    <icon src="https://focus.telerama.fr/1111x625/2022/03/12/52431ff1b9fda1178fc805fa58753e984d4fb1b8.jpg" />
    <rating system="CSA">
      <value>Tout public</value>
    </rating>
  </programme>
  <programme channel="C226.api.telerama.fr" start="20220430234700" stop="20220430235200">
    <title>Hebdo de l'éco</title>
    <desc lang="fr">Eric de Riedmatten reçoit chaque week-end un invité dans #LHebdoDeLEco pour approfondir un sujet économique.</desc>
    <category lang="fr">interview</category>
    <length units="minutes">5</length>
    <icon src="https://focus.telerama.fr/1111x625/2022/04/02/592384b22877bef0b4920d01598db4096d054f6d.jpg" />
    <rating system="CSA">
      <value>Tout public</value>
    </rating>
  </programme>
  <programme channel="C226.api.telerama.fr" start="20220430235200" stop="20220430235400">
    <title>Météo du soir</title>
    <sub-title>Prévisions pour le lendemain</sub-title>
    <desc lang="fr">Quel temps fera-t-il? Découvrez des informations utiles sur les conditions météorologiques qui nous attendent demain.</desc>
    <category lang="fr">météo</category>
    <length units="minutes">2</length>
    <icon src="https://focus.telerama.fr/1111x625/2022/04/02/d0499e51c5c33fe0659f2ad84a24d08187dd40f0.jpg" />
    <rating system="CSA">
      <value>Tout public</value>
    </rating>
  </programme>
  <programme channel="C226.api.telerama.fr" start="20220430235400" stop="20220501001500">
    <title>Edition de la nuit</title>
    <desc lang="fr">Rediffusion en boucle du journal télévisé, du bulletin météo et de magazines, toute la nuit jusqu'au matin.</desc>
    <category lang="fr">journal</category>
    <length units="minutes">21</length>
    <icon src="https://focus.telerama.fr/1111x625/2022/03/12/52431ff1b9fda1178fc805fa58753e984d4fb1b8.jpg" />
    <rating system="CSA">
      <value>Tout public</value>
    </rating>
  </programme>
  <programme channel="C234.api.telerama.fr" start="20220430223000" stop="20220430230000">
    <title>Manger, c'est voter</title>
    <sub-title>Dans les Alpes-de-Haute-Provence</sub-title>
    <desc lang="fr">Une émission présentée par Vincent Ferniot</desc>
    <category lang="fr">magazine de découvertes</category>
    <length units="minutes">30</length>
    <icon src="https://focus.telerama.fr/1111x625/2021/07/23/e398dc5779bace1250243a96f440f51ef4724b4b.jpg" />
    <previously-shown />
    <rating system="CSA">
      <value>Tout public</value>
    </rating>
  </programme>
  <programme channel="C234.api.telerama.fr" start="20220430230000" stop="20220430233000">
    <title>Pourvu que ça dure</title>
    <desc lang="fr">Ce magazine de 26 minutes s'efforce de faire comprendre en quoi le monde économique ne sera plus tout-à-fait le même après l'impact historique du coronavirus. Le critère de durabilité est en effet désormais un facteur clé de succès dans le monde de l'entreprise.</desc>
    <category lang="fr">magazine de l'économie</category>
    <length units="minutes">30</length>
    <icon src="https://focus.telerama.fr/1111x625/2022/03/20/beab31aa94f23c183ca6d37f4a57f13c53e9de84.jpg" />
    <rating system="CSA">
      <value>Tout public</value>
    </rating>
  </programme>
  <programme channel="C234.api.telerama.fr" start="20220430233000" stop="20220501000000">
    <title>Un monde, un regard</title>
    <category lang="fr">magazine politique</category>
    <length units="minutes">30</length>
    <icon src="https://focus.telerama.fr/1111x625/2022/01/22/c9dc7b54c994d172aaea667a689a0cd5bb49a233.jpg" />
    <previously-shown />
    <rating system="CSA">
      <value>Tout public</value>
    </rating>
  </programme>
  <programme channel="C329.api.telerama.fr" start="20220429214000" stop="20220430000000">
    <title>Les comiques préférés des Français</title>
    <category lang="fr">divertissement-humour</category>
    <length units="minutes">140</length>
    <icon src="https://focus.telerama.fr/1111x625/2021/12/26/d177e04585ce2a7a1d27e43053e64a0fbaeb8193.jpg" />
    <rating system="CSA">
      <value>Tout public</value>
    </rating>
  </programme>
  <programme channel="C444.api.telerama.fr" start="20220430222500" stop="20220430225500">
    <title>Young Sheldon</title>
    <sub-title>Le trou noir</sub-title>
    <desc lang="fr">Saison:4 - Episode:17 - Au cours d'un repas aux côtés du docteur Sturgis, les Cooper discutent de l'éventualité des trous noirs et univers parallèles.</desc>
    <credits>
      <director>Jaffar Mahmood</director>
      <actor>Jenkins Liz</actor>
      <actor>Perry Zoe</actor>
      <actor>Barber Lance</actor>
      <actor>Katherine Von</actor>
      <actor>Annie Potts</actor>
      <actor>Jordan Montana</actor>
      <actor>Wendie Malick</actor>
      <actor>Sousa Jeannette</actor>
      <actor>Wallace Shawn</actor>
      <actor>Iain Armitage</actor>
      <actor>Revord Raegan</actor>
      <actor>Jenise Whitehead</actor>
      <writer>Eric Kaplan</writer>
      <writer>Tara Hernandez</writer>
      <writer>Steven Molaro</writer>
    </credits>
    <date>2021</date>
    <category lang="fr">série humoristique</category>
    <length units="minutes">30</length>
    <icon src="https://focus.telerama.fr/1111x625/2022/04/10/60aa9c53f5fafd573a8743fa60806021f92b79dc.jpg" />
    <episode-num system="xmltv_ns">3.16.</episode-num>
    <audio>
      <stereo>bilingual</stereo>
    </audio>
    <previously-shown />
    <rating system="CSA">
      <value>Tout public</value>
    </rating>
  </programme>
  <programme channel="C444.api.telerama.fr" start="20220430225500" stop="20220430232000">
    <title>Young Sheldon</title>
    <sub-title>Le monde sauvage de la dynamique non linéaire</sub-title>
    <desc lang="fr">Saison:4 - Episode:18 - Après une série d'événements imprévus, notamment le premier chagrin d'amour de Missy, la famille Cooper est à bout de nerfs.</desc>
    <credits>
      <director>Alex Reid</director>
      <actor>Peterman Melissa</actor>
      <actor>Hobby Matt</actor>
      <actor>Jordan Montana</actor>
      <actor>Barber Lance</actor>
      <actor>Perry Zoe</actor>
      <actor>Annie Potts</actor>
      <actor>Iain Armitage</actor>
      <actor>Nancy Linehan</actor>
      <actor>Revord Raegan</actor>
      <writer>Steven Molaro</writer>
      <writer>Steve Holland</writer>
      <writer>Kilpatrick Connor</writer>
    </credits>
    <date>2021</date>
    <category lang="fr">série humoristique</category>
    <length units="minutes">25</length>
    <icon src="https://focus.telerama.fr/1111x625/2022/04/10/d4605b29ccfbd417443430e6463ab5d5349b1c78.jpg" />
    <episode-num system="xmltv_ns">3.17.</episode-num>
    <audio>
      <stereo>bilingual</stereo>
    </audio>
    <previously-shown />
    <rating system="CSA">
      <value>Tout public</value>
    </rating>
  </programme>
  <programme channel="C444.api.telerama.fr" start="20220430232000" stop="20220430234500">
    <title>Young Sheldon</title>
    <sub-title>Le bus de vieux machins foutus et un nouveau modèle d'éducation</sub-title>
    <desc lang="fr">Saison:4 - Episode:13 - Depuis qu'il a fait un accident avec Meemaw, Sheldon appréhende de remonter en voiture. En attendant la réparation de son véhicule, Meemaw n'a pas d'autre choix que de prendre la navette paroissiale...</desc>
    <credits>
      <director>Melissa Joan</director>
      <actor>Jordan Montana</actor>
      <actor>Barber Lance</actor>
      <actor>Perry Zoe</actor>
      <actor>Annie Potts</actor>
      <actor>Revord Raegan</actor>
      <actor>Alan Rachins</actor>
      <actor>Craig T.</actor>
      <actor>Iain Armitage</actor>
      <actor>Diane Ladd</actor>
      <actor>Marla Gibbs</actor>
      <actor>Wendie Malick</actor>
      <actor>Ed Begley</actor>
      <writer>Eric Kaplan</writer>
      <writer>Tara Hernandez</writer>
      <writer>Steve Holland</writer>
    </credits>
    <date>2021</date>
    <category lang="fr">série humoristique</category>
    <length units="minutes">25</length>
    <icon src="https://focus.telerama.fr/1111x625/2022/03/06/046d39a3f148f0c5739603a5509c611f11e0f3d3.jpg" />
    <episode-num system="xmltv_ns">3.12.</episode-num>
    <audio>
      <stereo>bilingual</stereo>
    </audio>
    <previously-shown />
    <rating system="CSA">
      <value>Tout public</value>
    </rating>
  </programme>
  <programme channel="C444.api.telerama.fr" start="20220430234500" stop="20220501001000">
    <title>Young Sheldon</title>
    <sub-title>Fils de brute et approbation fiscale</sub-title>
    <desc lang="fr">Saison:4 - Episode:14 - Les collecteurs d'impôt accusent Sheldon d'avoir fait une erreur dans ses calculs. Mais celui-ci n'est pas d'accord et va tout faire pour leur prouver qu'ils ont tort. Dale doit faire une coloscopie, mais a peur. Il aimerait que Meemaw en fasse une en même temps...</desc>
    <credits>
      <director>Alex Reid</director>
      <actor>Barber Lance</actor>
      <actor>Perry Zoe</actor>
      <actor>Kevin Stidham</actor>
      <actor>Jordan Montana</actor>
      <actor>Rob Brownstein</actor>
      <actor>Annie Potts</actor>
      <actor>Brooks Zylan</actor>
      <actor>Revord Raegan</actor>
      <actor>Iain Armitage</actor>
      <actor>Craig T.</actor>
      <writer>Kilpatrick Connor</writer>
      <writer>Steven Molaro</writer>
      <writer>Steve Holland</writer>
    </credits>
    <date>2021</date>
    <category lang="fr">série humoristique</category>
    <length units="minutes">25</length>
    <icon src="https://focus.telerama.fr/1111x625/2022/04/03/533e96e83305f8c77406d202b5f65dd17aedf0bc.jpg" />
    <episode-num system="xmltv_ns">3.13.</episode-num>
    <audio>
      <stereo>bilingual</stereo>
    </audio>
    <previously-shown />
    <rating system="CSA">
      <value>Tout public</value>
    </rating>
  </programme>
  <programme channel="C445.api.telerama.fr" start="20220430220000" stop="20220501050000">
    <title>Programmes de la nuit</title>
    <category lang="fr">programme indéterminé</category>
    <length units="hours">7</length>
    <icon src="https://focus.telerama.fr/1111x625/2021/07/13/d45b2cbc9aa987a98f831e7d82a088ce8e8a0faf.jpg" />
    <rating system="CSA">
      <value>Tout public</value>
    </rating>
  </programme>
  <programme channel="C446.api.telerama.fr" start="20220430225500" stop="20220501040000">
    <title>Programmes de la nuit</title>
    <desc lang="fr">Retrouvez tous vos programmes de nuit.</desc>
    <category lang="fr">programme indéterminé</category>
    <length units="minutes">305</length>
    <icon src="https://focus.telerama.fr/1111x625/2021/07/13/d45b2cbc9aa987a98f831e7d82a088ce8e8a0faf.jpg" />
    <rating system="CSA">
      <value>Tout public</value>
    </rating>
  </programme>
  <programme channel="C458.api.telerama.fr" start="20220430222500" stop="20220430231000">
    <title>Ghost Adventures</title>
    <sub-title>Cripple Creek</sub-title>
    <desc lang="fr">Saison:6 - Episode:16 - Trois jeunes gens, Zak Bagans, Nick Groff et Aaron Goodwin, se rendent sur les sites paranormaux les plus actifs d'Europe et des Etats-Unis. Leur but : prouver l'existence des fantômes. Caméra à l'épaule, ils se laissent enfermer toute une nuit dans des lieux réputés hantés.</desc>
    <date>2011</date>
    <category lang="fr">documentaire société</category>
    <length units="minutes">45</length>
    <icon src="https://focus.telerama.fr/1111x625/2021/04/12/4778b934-9b15-4436-8f68-d0067776ec2e.jpg" />
    <episode-num system="xmltv_ns">5.15.</episode-num>
    <rating system="CSA">
      <value>-10</value>
      <icon src="http://upload.wikimedia.org/wikipedia/commons/thumb/b/bf/Moins10.svg/200px-Moins10.svg.png" />
    </rating>
  </programme>
  <programme channel="C458.api.telerama.fr" start="20220430231000" stop="20220501001000">
    <title>Ghost Adventures</title>
    <sub-title>Manoir de Black Moon</sub-title>
    <desc lang="fr">Saison:6 - Episode:11 - Zak, Nick et Aaron se rendent à Greenfield, dans l'Indiana, à la recherche de la source d'un pouvoir obscur qui a envahi le Black Moon Manor. Alors que la température chute soudainement, les gars sont surpris d'entendre une voix démoniaque.</desc>
    <date>2011</date>
    <category lang="fr">documentaire société</category>
    <length units="hours">1</length>
    <icon src="https://focus.telerama.fr/1111x625/2022/03/29/4d199171ed07ffac530485005156fd22edd3d39b.jpg" />
    <episode-num system="xmltv_ns">5.10.</episode-num>
    <previously-shown />
    <premiere />
    <rating system="CSA">
      <value>-10</value>
      <icon src="http://upload.wikimedia.org/wikipedia/commons/thumb/b/bf/Moins10.svg/200px-Moins10.svg.png" />
    </rating>
  </programme>
  <programme channel="C481.api.telerama.fr" start="20220429200000" stop="20220430040000">
    <title>Week-end Direct</title>
    <desc lang="fr">Magazine d'information qui revient sur les événements-clés du week-end.</desc>
    <category lang="fr">magazine d'information</category>
    <length units="hours">8</length>
    <icon src="https://focus.telerama.fr/1111x625/2021/11/28/28e6ecec9413da73eb930293064100fbaf8d659e.jpg" />
    <rating system="CSA">
      <value>Tout public</value>
    </rating>
  </programme>
  <programme channel="C482.api.telerama.fr" start="20220430234500" stop="20220501000600">
    <title>Totally Spies</title>
    <sub-title>Le cirque de la peur</sub-title>
    <desc lang="fr">Saison:3 - Episode:2 - En enquêtant sur d'étranges disparitions, les filles découvrent un cirque rempli de créatures extraordinaires et un Monsieur Loyal particulièrement maléfique...</desc>
    <date>2004</date>
    <category lang="fr">jeunesse : dessin animé dessin animé</category>
    <length units="minutes">21</length>
    <icon src="https://focus.telerama.fr/1111x625/2021/12/21/d5e7676eb99856f074714a7267df8c5d6a4b972a.jpg" />
    <episode-num system="xmltv_ns">2.1.</episode-num>
    <rating system="CSA">
      <value>Tout public</value>
    </rating>
  </programme>
  <programme channel="C1045.api.telerama.fr" start="20220429173000" stop="20220430050000">
    <title>Le Club de la Presse</title>
    <desc lang="fr">Des professionnels de la presse régionale viennent débattre avec la rédaction de Mirabelle TV de l'actualité de la semaine.</desc>
    <category lang="fr">débat</category>
    <length units="minutes">690</length>
    <icon src="https://focus.telerama.fr/1111x625/2022/03/08/7b40309936178ee8c9f175e094a2c7c119b180e0.jpg" />
    <rating system="CSA">
      <value>Tout public</value>
    </rating>
  </programme>
  <programme channel="C1399.api.telerama.fr" start="20220430223000" stop="20220501040000">
    <title>Programmes de la nuit</title>
    <category lang="fr">programme indéterminé</category>
    <length units="minutes">330</length>
    <icon src="https://focus.telerama.fr/1111x625/2021/07/13/d45b2cbc9aa987a98f831e7d82a088ce8e8a0faf.jpg" />
    <rating system="CSA">
      <value>Tout public</value>
    </rating>
  </programme>
  <programme channel="C1400.api.telerama.fr" start="20220430223200" stop="20220501040000">
    <title>Pause</title>
    <category lang="fr">autre</category>
    <length units="minutes">328</length>
    <icon src="https://focus.telerama.fr/1111x625/2021/06/09/70e696282107b49d230702cd59c274cd5f627080.jpg" />
    <rating system="CSA">
      <value>Tout public</value>
    </rating>
  </programme>
  <programme channel="C1401.api.telerama.fr" start="20220430232500" stop="20220501013000">
    <title>MMA : UFC Classiques</title>
    <sub-title>La légende des welters (épisode 4)</sub-title>
    <category lang="fr">sport : mma</category>
    <length units="minutes">125</length>
    <icon src="https://focus.telerama.fr/1111x625/2021/08/08/c01b8846601d17f41bd965669e0602c51ae12e14.jpg" />
    <previously-shown />
    <rating system="CSA">
      <value>-16</value>
      <icon src="http://upload.wikimedia.org/wikipedia/commons/thumb/2/29/Moins16.svg/200px-Moins16.svg.png" />
    </rating>
  </programme>
  <programme channel="C1402.api.telerama.fr" start="20220430223500" stop="20220501040000">
    <title>Pause</title>
    <category lang="fr">autre</category>
    <length units="minutes">325</length>
    <icon src="https://focus.telerama.fr/1111x625/2021/06/09/70e696282107b49d230702cd59c274cd5f627080.jpg" />
    <rating system="CSA">
      <value>Tout public</value>
    </rating>
  </programme>
  <programme channel="C1403.api.telerama.fr" start="20220430222000" stop="20220430231000">
    <title>Rénovation impossible</title>
    <sub-title>Une maison qui a du chien</sub-title>
    <desc lang="fr">Saison:10 - Episode:11 - A Coppell au Texas, une maison de 111 mètres carrés doit être coupée en deux pour être transportée. Casey, sans Catrina, l'achète pour 1 050 dollars. L'aménagement, prévu par Catrina pour cette jolie maison, sera atypique car il y aura une douche pour chien. Ils s'associent à Randy et son fils Zack pour installer une maison d'invités sur le même terrain. Même si cette maison a du chien, va-t-elle trouver preneur ?</desc>
    <date>2018</date>
    <category lang="fr">documentaire téléréalité</category>
    <length units="minutes">50</length>
    <icon src="https://focus.telerama.fr/1111x625/2021/03/31/efd65b7f-d2ed-4fa5-85cd-5faaac50c612.jpg" />
    <episode-num system="xmltv_ns">9.10.</episode-num>
    <previously-shown />
    <rating system="CSA">
      <value>Tout public</value>
    </rating>
  </programme>
  <programme channel="C1403.api.telerama.fr" start="20220430231000" stop="20220501040000">
    <title>Programmes de la nuit</title>
    <desc lang="fr">Retrouvez tous vos programmes de nuit.</desc>
    <category lang="fr">programme indéterminé</category>
    <length units="minutes">290</length>
    <icon src="https://focus.telerama.fr/1111x625/2021/07/13/d45b2cbc9aa987a98f831e7d82a088ce8e8a0faf.jpg" />
    <rating system="CSA">
      <value>Tout public</value>
    </rating>
  </programme>
  <programme channel="C1404.api.telerama.fr" start="20220430225000" stop="20220501041000">
    <title>Programmes de la nuit</title>
    <desc lang="fr">Retrouvez tous vos programmes de nuit.</desc>
    <category lang="fr">programme indéterminé</category>
    <length units="minutes">320</length>
    <icon src="https://focus.telerama.fr/1111x625/2021/07/13/d45b2cbc9aa987a98f831e7d82a088ce8e8a0faf.jpg" />
    <rating system="CSA">
      <value>Tout public</value>
    </rating>
  </programme>
  <programme channel="C1924.api.telerama.fr" start="20220430221500" stop="20220430222000">
    <title>Météo</title>
    <desc lang="fr">Bulletin météorologique du service de presse de France 3-Météo France.</desc>
    <category lang="fr">météo</category>
    <length units="minutes">5</length>
    <icon src="https://focus.telerama.fr/1111x625/2021/10/08/b5b2de6389b36d2631fd99d9ab86b21a998dc5ed.jpg" />
    <rating system="CSA">
      <value>Tout public</value>
    </rating>
  </programme>
  <programme channel="C1924.api.telerama.fr" start="20220430222000" stop="20220430233000">
    <title>Appassionata</title>
    <desc lang="fr">Magazine qui présente l'opéra ou le concert de musique classique qui va être maintenant diffusé sur France 3.</desc>
    <category lang="fr">magazine musical</category>
    <length units="minutes">70</length>
    <icon src="https://focus.telerama.fr/1111x625/2021/06/23/270e1b45db272d37bd5d80f30eabf217411916ec.jpg" />
    <rating system="CSA">
      <value>Tout public</value>
    </rating>
  </programme>
  <programme channel="C1924.api.telerama.fr" start="20220430233000" stop="20220501011500">
    <title>Deneuve, la reine Catherine</title>
    <desc lang="fr">On la dit froide, secrète et mystérieuse. Elle a la réputation de ne rien laisser percer de ses pensées intimes, de sa vie privée, de ses joies comme de ses tourments. Elle est parvenue à protéger sa famille, ses amours, ses choix de la curiosité des magazines et de son public. Un tour de force pour une carrière longue de soixante ans et riche de plus de cent trente films tournés avec les plus grands cinéastes du monde entier. Pourtant, la matière première d'un récit très personnel sur Catherine Deneuve existe : on la trouve dans les entretiens donnés par la comédienne depuis ses débuts jusqu'à aujourd'hui. Ils permettent de découvrir une autre Catherine Deneuve.</desc>
    <category lang="fr">documentaire culture</category>
    <length units="minutes">105</length>
    <icon src="https://focus.telerama.fr/1111x625/2022/01/31/33a19fc5f30b74bae7b68eeeba0e5212490f8742.jpg" />
    <previously-shown />
    <rating system="CSA">
      <value>Tout public</value>
    </rating>
    <star-rating>
      <value>4/5</value>
    </star-rating>
  </programme>
  <programme channel="C2111.api.telerama.fr" start="20220430220000" stop="20220501035900">
    <title>France 24</title>
    <desc lang="fr">Suivez en direct toute l'actualité "France 24" : vivez l'info en live, en images et en vidéos. Participez, commentez et partager avec Franceinfo en temps réel!</desc>
    <category lang="fr">magazine d'information</category>
    <length units="minutes">359</length>
    <icon src="https://focus.telerama.fr/1111x625/2021/11/02/33e0b9e208fc42c640f1943037e25de9a90ef300.jpg" />
    <rating system="CSA">
      <value>Tout public</value>
    </rating>
  </programme>
</tv>
