<?xml version='1.0' encoding='UTF-8'?>
<shortcuts>
	<shortcut>
		<defaultID>1036</defaultID>
		<label>1036</label>
		<label2>Elément de menu commun</label2>
		<icon>special://skin/extras/icons/favourites.png</icon>
		<thumb>special://skin/extras/icons/top100.png</thumb>
		<action>ActivateWindow(Favourites)</action>
	</shortcut>
	<shortcut>
		<defaultID />
		<label>Marque-pages</label>
		<label2>Extensions Vidéo</label2>
		<icon>DefaultShortcut.png</icon>
		<thumb>special://skin/extras/icons/bookmark.png</thumb>
		<action>ActivateWindow(Videos,"plugin://plugin.video.vstream/?site=cFav&amp;function=getBookmarks&amp;title=Marque-pages&amp;siteUrl=http%3A%2F%2Fvenom&amp;sFav=getBookmarks",return)</action>
	</shortcut>
	<shortcut>
		<defaultID>13000</defaultID>
		<label>Meteo</label>
		<label2>Elément personnalisé</label2>
		<icon>SystemSettings.png</icon>
		<thumb>special://skin/extras/icons/sun.png</thumb>
		<action>ActivateWindow(Weather)</action>
	</shortcut>
	<shortcut>
		<defaultID>plugin.video.live.streamspro</defaultID>
		<label>Tortueland</label>
		<label2>Elément personnalisé</label2>
		<icon>DefaultShortcut.png</icon>
		<thumb>special://skin/extras/icons/director.png</thumb>
		<action>ActivateWindow(1101,return)</action>
	</shortcut>
	<shortcut>
		<defaultID>settings</defaultID>
		<label>10004</label>
		<label2>Paramètres</label2>
		<icon>special://skin/extras/icons/settings.png</icon>
		<thumb />
		<action>ActivateWindow(Settings)</action>
	</shortcut>
	<shortcut>
		<defaultID />
		<label>[COLOR white][B]MAINTENANCE[/B][/COLOR]</label>
		<label2>Programme</label2>
		<icon>DefaultShortcut.png</icon>
		<thumb>image://F%3a%5ckodi%20portable%5cKodi%5cportable_data%5caddons%5cscript.ezmaintenanceplus%5cicon.png/</thumb>
		<action>ActivateWindow(Programs,"plugin://script.ezmaintenanceplus/?url=ur&amp;action=maintenance&amp;name=%5BCOLOR+white%5D%5BB%5DMAINTENANCE%5B%2FB%5D%5B%2FCOLOR%5D&amp;icon=F%3A%5Ckodi+portable%5CKodi%5Cportable_data%5Caddons%5Cscript.ezmaintenanceplus%5Cicon.png&amp;fanart=F%3A%5Ckodi+portable%5CKodi%5Cportable_data%5Caddons%5Cscript.ezmaintenanceplus%5Cfanart.jpg&amp;description=",return)</action>
	</shortcut>
</shortcuts>
