<?xml version='1.0' encoding='UTF-8'?>
<shortcuts>
	<shortcut>
		<defaultID />
		<label>[COLOR turquoise]FILM[/COLOR] - [COLOR white]Du jour[/COLOR]</label>
		<label2>Extensions Vidéo</label2>
		<icon>DefaultShortcut.png</icon>
		<thumb>image://https%3a%2f%2fwww.cinema-histoire-pessac.com%2fsites%2fdefault%2ffiles%2f2018-02%2fecran-surprise.jpg/</thumb>
		<action>ActivateWindow(Videos,"plugin://plugin.video.live.streamspro/?url=%24doregex%5Bmakelist%5D&amp;mode=17&amp;regexs=%7Bu%27makelist%27%3A%20%7B%27listrepeat%27%3A%20u%27%5Cr%5Cn%20%3Ctitle%3E%5Bmakelist.param1%5D%3C/title%3E%20%5Cr%5Cn%20%20%3Cthumbnail%3Ehttps%3A//www.eos.to/posters/%5Bmakelist.param5%5D-small.jpg%7CAccept%3A%20image/webp%26amp%3BAccept-Language%3A%20fr%2Cfr-FR%3Bq%3D0.8%2Cen-US%3Bq%3D0.5%2Cen%3Bq%3D0.3%3C/thumbnail%3E%5Cr%5Cn%20%20%20%3Cfanart%3Ehttps%3A//www.eos.to/posters/%5Bmakelist.param5%5D-backdrop.jpg%7CAccept%3A%20image/webp%26amp%3BAccept-Language%3A%20fr%2Cfr-FR%3Bq%3D0.8%2Cen-US%3Bq%3D0.5%2Cen%3Bq%3D0.3%3C/fanart%3E%5Cr%5Cn%20%20%20%3Cgenre%3E%5Bmakelist.param4%5D%3C/genre%3E%20%5Cr%5Cn%20%20%20%3Cinfo%3E%5BCR%5D%5Bmakelist.param3%5D%5BCR%5D%5Bmakelist.param7%5D%5BCR%5D%5BCOLOR%20aqua%5D%5Bmakelist.param4%5D%5B/COLOR%5D%3C/info%3E%5Cr%5Cn%20%20%20%3Clink%3Eignoreme%3C/link%3E%5Cr%5Cn%20%20%3Cexternallink%3Ehttp%3A//pibox.alwaysdata.net/boxozone/NEW_SM/test999.php%3Fallo%3D%5Bmakelist.param5%5D%3C/externallink%3E%5Cr%5Cn%20%20%27%2C%20%27expres%27%3A%20u%27%5C%5C%24T%22%28.%2B%3F%29%22TL%22%28%5B%5E%5C%5C%22%5D%2A%29%22LI%22%28.%2A%3F%29%22IG%22%28..%5B%5Ec%5D%5B%5E%5C%5C%22%5D%2A%29%22GV%22%28%5B%5E%5C%5C%22%5D%2A%29%22VBA%22%28%5B%5E%5C%5C%22%5D%2A%29%22VI2%22%28%5B%5E%5C%5C%22%5D%2A%29%27%2C%20%27name%27%3A%20u%27makelist%27%2C%20%27agent%27%3A%20u%27Mozilla/5.0%20%28Windows%20NT%206.1%3B%20WOW64%29%20AppleWebKit/537.36%20%28KHTML%2C%20like%20Gecko%29%20Chrome/52.0.2743.ll6%20Safari/537.36%27%2C%20%27page%27%3A%20u%27https%3A//pastebin.com/raw/9BqwuycQ%27%7D%7D&amp;iconimage=https%3A%2F%2Fwww.cinema-histoire-pessac.com%2Fsites%2Fdefault%2Ffiles%2F2018-02%2Fecran-surprise.jpg",return)</action>
	</shortcut>
	<shortcut>
		<defaultID />
		<label>Films 2021</label>
		<label2>Extensions Vidéo</label2>
		<icon>DefaultShortcut.png</icon>
		<thumb>image://special%3a%2f%2fhome%2faddons%2fplugin.video.vstream%2fresources%2fart%2fannees.png/</thumb>
		<action>ActivateWindow(Videos,"plugin://plugin.video.vstream/?site=pastebin&amp;function=showMovies&amp;title=2021&amp;siteUrl=https%3A%2F%2Fpastebin.com%2Fraw%2F%26numPage%3D1%26sMedia%3Dfilm%26pasteID%3D1%26sYear%3D2021&amp;sFav=showMovies",return)</action>
	</shortcut>
	<shortcut>
		<defaultID />
		<label>Films 2022</label>
		<label2>Extensions Vidéo</label2>
		<icon>DefaultShortcut.png</icon>
		<thumb>image://special%3a%2f%2fhome%2faddons%2fplugin.video.vstream%2fresources%2fart%2fannees.png/</thumb>
		<action>ActivateWindow(Videos,"plugin://plugin.video.vstream/?site=pastebin&amp;function=showMovies&amp;title=2022&amp;siteUrl=https%3A%2F%2Fpastebin.com%2Fraw%2F%26numPage%3D1%26sMedia%3Dfilm%26pasteID%3D1%26sYear%3D2022&amp;sFav=showMovies",return)</action>
	</shortcut>
	<shortcut>
		<defaultID />
		<label>TOP 50 - BOX OFFICE</label>
		<label2>Extensions Vidéo</label2>
		<icon>DefaultShortcut.png</icon>
		<thumb>image://special%3a%2f%2fhome%2faddons%2fplugin.video.vstream%2fresources%2fart%2fgenres.png/</thumb>
		<action>ActivateWindow(Videos,"plugin://plugin.video.vstream/?site=pastebin&amp;function=showMovies&amp;title=TOP+50+-+BOX+OFFICE&amp;siteUrl=https%3A%2F%2Fpastebin.com%2Fraw%2F%26numPage%3D1%26sMedia%3Dfilm%26pasteID%3D1%26sGroupe%3DTOP+50+-+BOX+OFFICE&amp;sFav=showMovies",return)</action>
	</shortcut>
	<shortcut>
		<defaultID />
		<label>Films en vogue - Selon Trakt</label>
		<label2>Extensions Vidéo</label2>
		<icon>DefaultShortcut.png</icon>
		<thumb>image://special%3a%2f%2fhome%2faddons%2fplugin.video.vstream%2fresources%2fart%2fgenres.png/</thumb>
		<action>ActivateWindow(Videos,"plugin://plugin.video.vstream/?site=pastebin&amp;function=showMovies&amp;title=FILMS+EN+VOGUE+&amp;siteUrl=https%3A%2F%2Fpastebin.com%2Fraw%2F%26numPage%3D1%26sMedia%3Dfilm%26pasteID%3D1%26sGroupe%3DFILMS+EN+VOGUE+%28Selon+Trakt%29&amp;sFav=showMovies",return)</action>
	</shortcut>
</shortcuts>
