<?xml version='1.0' encoding='UTF-8'?>
<shortcuts>
	<shortcut>
		<defaultID />
		<label>[COLOR orange]CINÉMA[/COLOR]</label>
		<label2>Extensions Vidéo</label2>
		<icon>DefaultShortcut.png</icon>
		<thumb>image://https%3a%2f%2fimage.freepik.com%2fvecteurs-libre%2fcinema-retro-chapiteau_23-2147508018.jpg/</thumb>
		<action>ActivateWindow(Videos,"plugin://plugin.video.live.streamspro/?url=https%3A%2F%2Fpastebin.com%2Fraw%2F1HYBL3MW&amp;mode=1&amp;name=%5BCOLOR+orange%5DCIN%C3%89MA%5B%2FCOLOR%5D&amp;fanart=https%3A%2F%2Fwww.controcampus.it%2Fwp-content%2Fuploads%2F2015%2F02%2FAnonymous.jpg",return)</action>
	</shortcut>
	<shortcut>
		<defaultID />
		<label>[COLOR violet]SÉRIES[/COLOR]</label>
		<label2>Extensions Vidéo</label2>
		<icon>DefaultShortcut.png</icon>
		<thumb>image://http%3a%2f%2fimg.over-blog-kiwi.com%2f1%2f48%2f88%2f25%2f20170214%2fob_55dfca_15700070751-88d83d38fd-o.png/</thumb>
		<action>ActivateWindow(Videos,"plugin://plugin.video.live.streamspro/?url=https%3A%2F%2Fpastebin.com%2Fraw%2F4DHe1XJk&amp;mode=1&amp;name=%5BCOLOR+violet%5DS%C3%89RIES%5B%2FCOLOR%5D&amp;fanart=https%3A%2F%2Fwww.controcampus.it%2Fwp-content%2Fuploads%2F2015%2F02%2FAnonymous.jpg",return)</action>
	</shortcut>
	<shortcut>
		<defaultID />
		<label>[COLOR yellow]SPECTACLES[/COLOR]</label>
		<label2>Extensions Vidéo</label2>
		<icon>DefaultShortcut.png</icon>
		<thumb>image://http%3a%2f%2fimg.over-blog-kiwi.com%2f0%2f93%2f04%2f51%2f20140214%2fob_b434e3_spectacle-et-concert.jpg/</thumb>
		<action>ActivateWindow(Videos,"plugin://plugin.video.live.streamspro/?url=https%3A%2F%2Fpastebin.com%2Fraw%2Fn9y4K1vy&amp;mode=1&amp;name=%5BCOLOR+yellow%5DSPECTACLES%5B%2FCOLOR%5D&amp;fanart=https%3A%2F%2Fwww.controcampus.it%2Fwp-content%2Fuploads%2F2015%2F02%2FAnonymous.jpg",return)</action>
	</shortcut>
	<shortcut>
		<defaultID />
		<label>[COLOR pink]DESSINS ANIMÉS[/COLOR]</label>
		<label2>Extensions Vidéo</label2>
		<icon>DefaultShortcut.png</icon>
		<thumb>image://https%3a%2f%2fencrypted-tbn0.gstatic.com%2fimages%3fq%3dtbn%3aANd9GcQzIWQ9uGpxR94FsauWL1BJKXTR3UCQS7-UHxRIu1wQqSvBK3lO/</thumb>
		<action>ActivateWindow(Videos,"plugin://plugin.video.live.streamspro/?url=https%3A%2F%2Fpastebin.com%2Fraw%2Fq40su8X4&amp;mode=1&amp;name=%5BCOLOR+pink%5DDESSINS+ANIM%C3%89S%5B%2FCOLOR%5D&amp;fanart=https%3A%2F%2Fwww.controcampus.it%2Fwp-content%2Fuploads%2F2015%2F02%2FAnonymous.jpg",return)</action>
	</shortcut>
	<shortcut>
		<defaultID />
		<label>DOCUMENTAIRES</label>
		<label2>Extensions Vidéo</label2>
		<icon>DefaultShortcut.png</icon>
		<thumb>image://https%3a%2f%2fnewsfr.cgtn.com%2fn%2fBfIcA-CIA-EAA%2fBEEEIAA.jpg/</thumb>
		<action>ActivateWindow(Videos,"plugin://plugin.video.live.streamspro/?url=https%3A%2F%2Fpastebin.com%2Fraw%2FRz6LR5PY&amp;mode=1&amp;name=DOCUMENTAIRES&amp;fanart=https%3A%2F%2Fwww.controcampus.it%2Fwp-content%2Fuploads%2F2015%2F02%2FAnonymous.jpg",return)</action>
	</shortcut>
	<shortcut>
		<defaultID />
		<label>[COLOR red]SECTION  +18[/COLOR]</label>
		<label2>Extensions Vidéo</label2>
		<icon>DefaultShortcut.png</icon>
		<thumb>image://https%3a%2f%2fas1.ftcdn.net%2fjpg%2f01%2f96%2f48%2f74%2f500_F_196487428_FoGvQaW0tMrUPh0cckZ2b80kIc9CGPEM.jpg/</thumb>
		<action>ActivateWindow(Videos,"plugin://plugin.video.live.streamspro/?url=%24doregex%5Bgetinput%5D&amp;mode=1&amp;name=%5BCOLOR+red%5DSECTION++%2B18%5B%2FCOLOR%5D&amp;fanart=https%3A%2F%2Fwww.controcampus.it%2Fwp-content%2Fuploads%2F2015%2F02%2FAnonymous.jpg&amp;regexs=%7Bu%27getinput%27%3A%20%7B%27expres%27%3A%20u%22%23%24pyFunction%5Cr%5Cnimport%20xbmcgui%2Cxbmc%2C%20xbmcaddon%2C%20time%5Cr%5Cn%5Cr%5Cndef%20GetLSProData%28page_data%2CCookie_Jar%2Cm%2Ctxt%3D%27Enter%20Password%3F%27%29%3A%5Cr%5Cn%20%20%20%20addon%20%3D%20xbmcaddon.Addon%28%27plugin.video.live.streamspro%27%29%5Cr%5Cn%20%20%20%20addon_version%20%3D%20addon.getAddonInfo%28%27version%27%29%5Cr%5Cn%20%20%20%20profile%20%3D%20xbmc.translatePath%28addon.getAddonInfo%28%27profile%27%29.decode%28%27utf-8%27%29%29%5Cr%5Cn%5Cr%5Cn%20%20%20%20solver%20%3D%20InputWindow%28%20txt%3Dtxt%29%5Cr%5Cn%20%20%20%20solution%20%3D%20solver.get%28%29%5Cr%5Cn%20%20%20%20if%20solution%20%3D%3D%20%276969%27%3A%5Cr%5Cn%20%20%20%20%20%20%20%20return%20play%28%29%5Cr%5Cn%20%20%20%20else%3A%5Cr%5Cn%20%20%20%20%20%20%20%20return%20%27%27%5Cr%5Cn%5Cr%5Cnclass%20InputWindow%28xbmcgui.WindowDialog%29%3A%5Cr%5Cn%20%20%20%20def%20__init__%28self%2C%20%2Aargs%2C%20%2A%2Akwargs%29%3A%5Cr%5Cn%5Cr%5Cn%20%20%20%20%20%20%20%20self.txt%20%3D%20kwargs.get%28%27txt%27%2C%27%27%29%5Cr%5Cn%5Cr%5Cn%20%20%20%20%20%20%20%20xbmcgui.WindowXMLDialog.__init__%28self%29%5Cr%5Cn%20%20%20%20%20%20%20%20%23self.addControl%28self.txt%29%5Cr%5Cn%20%20%20%20%20%20%20%20path%20%3D%20xbmcaddon.Addon%28%29.getAddonInfo%28%27path%27%29%5Cr%5Cn%20%20%20%20%20%20%20%20self.kbd%20%3D%20xbmc.Keyboard%28%29%5Cr%5Cn%20%20%20%20%20%20%20%20self.kbd.setHeading%28%20self.txt%29%5Cr%5Cn%5Cr%5Cn%20%20%20%20def%20get%28self%29%3A%5Cr%5Cn%20%20%20%20%20%20%20%20self.show%28%29%5Cr%5Cn%20%20%20%20%20%20%20%20time.sleep%282%29%5Cr%5Cn%20%20%20%20%20%20%20%20self.kbd.doModal%28%29%5Cr%5Cn%20%20%20%20%20%20%20%20if%20%28self.kbd.isConfirmed%28%29%29%3A%5Cr%5Cn%20%20%20%20%20%20%20%20%20%20%20%20text%20%3D%20self.kbd.getText%28%29%5Cr%5Cn%20%20%20%20%20%20%20%20%20%20%20%20self.close%28%29%5Cr%5Cn%20%20%20%20%20%20%20%20%20%20%20%20return%20text%5Cr%5Cn%20%20%20%20%20%20%20%20self.close%28%29%5Cr%5Cn%20%20%20%20%20%20%20%20return%20False%5Cr%5Cn%5Cr%5Cndef%20play%28%29%3A%5Cr%5Cn%20%20%20%20return%20%27http%3A//78.209.96.191%3A21935/share/rrKQylUySXeIpbm7/SECTION%2520ADULTES%2520-%25201F03jN0v.txt%27%5Cr%5Cn%22%2C%20%27name%27%3A%20u%27getinput%27%2C%20%27page%27%3A%20None%7D%7D",return)</action>
	</shortcut>
</shortcuts>
