<shortcuts>
	<shortcut>
		<defaultID />
		<label>Recherches</label>
		<label2>Elément personnalisé</label2>
		<icon>DefaultShortcut.png</icon>
		<thumb>special://skin/extras/icons/search.png</thumb>
		<action>ActivateWindow(Videos,"plugin://plugin.video.sendtokodiU2P/?action=filtres&amp;typM=movie",return)</action>
		</shortcut>
	<shortcut>
		<defaultID>31904</defaultID>
		<label>Idées Films</label>
		<label2>Elément personnalisé</label2>
		<icon>special://skin/extras/icons/clipboard.png</icon>
		<thumb>special://skin/extras/icons/lightbulb.png</thumb>
		<action>ActivateWindow(1103,return)</action>
		</shortcut>
	<shortcut>
		<defaultID>31888</defaultID>
		<label>Par Thèmes</label>
		<label2>Elément personnalisé</label2>
		<icon>special://skin/extras/icons/tv.png</icon>
		<thumb>special://skin/extras/icons/genres.png</thumb>
		<action>ActivateWindow(4010,return)</action>
		</shortcut>
	<shortcut>
		<defaultID />
		<label>Recherches (Acteurs -  Réalisateurs)</label>
		<label2>Extensions Vidéo</label2>
		<icon>DefaultShortcut.png</icon>
		<thumb>special://skin/extras/icons/search.png</thumb>
		<action>ActivateWindow(Videos,"plugin://plugin.video.themoviedb.helper/?info=search&amp;tmdb_type=person&amp;widget=true",return)</action>
		</shortcut>
	<shortcut>
		<defaultID>31903</defaultID>
		<label>$SKIN[31903|skin.auramod|None]</label>
		<label2 />
		<icon>special://skin/extras/icons/clipboard.png</icon>
		<thumb />
		<action>ActivateWindow(1102,return)</action>
		</shortcut>
	</shortcuts>
