<shortcuts>
	<shortcut>
		<defaultID />
		<label>Skin AuraMod 2</label>
		<label2>Elément personnalisé</label2>
		<icon>DefaultShortcut.png</icon>
		<thumb>special://skin/extras/icons/eye.png</thumb>
		<action>noop</action>
		</shortcut>
	<shortcut>
		<defaultID>1036</defaultID>
		<label>1036</label>
		<label2>Elément de menu commun</label2>
		<icon>special://skin/extras/icons/favourites.png</icon>
		<thumb>special://skin/extras/icons/top100.png</thumb>
		<action>ActivateWindow(Favourites)</action>
		</shortcut>
	<shortcut>
		<defaultID />
		<label>Sports</label>
		<label2>Extensions Vidéo</label2>
		<icon>DefaultShortcut.png</icon>
		<thumb>special://skin/extras/icons/cricket.png</thumb>
		<action>ActivateWindow(Videos,"plugin://plugin.video.sendtokodiU2P/?action=MenuDivers&amp;repo=sports",return)</action>
		</shortcut>
	<shortcut>
		<defaultID />
		<label>[COLOR white][B]MAINTENANCE[/B][/COLOR]</label>
		<label2>Programme</label2>
		<icon>DefaultShortcut.png</icon>
		<thumb>special://skin/extras/icons/configure.png</thumb>
		<action>ActivateWindow(Programs,"plugin://script.ezmaintenanceplus/?url=ur&amp;action=maintenance&amp;name=%5BCOLOR+white%5D%5BB%5DMAINTENANCE%5B%2FB%5D%5B%2FCOLOR%5D&amp;icon=C%3A%5CUsers%5CPC-Commercial%5CAppData%5CRoaming%5CKodi%5Caddons%5Cscript.ezmaintenanceplus%5Cicon.png&amp;fanart=C%3A%5CUsers%5CPC-Commercial%5CAppData%5CRoaming%5CKodi%5Caddons%5Cscript.ezmaintenanceplus%5Cfanart.jpg&amp;description=",return)</action>
		</shortcut>
	<shortcut>
		<defaultID>settings</defaultID>
		<label>10004</label>
		<label2>Paramètres</label2>
		<icon>special://skin/extras/icons/settings.png</icon>
		<thumb>special://skin/extras/icons/addons.png</thumb>
		<action>ActivateWindow(Settings)</action>
		</shortcut>
	<shortcut>
		<defaultID />
		<label>Mettre a jour seulement HK</label>
		<label2>Elément personnalisé</label2>
		<icon>DefaultShortcut.png</icon>
		<thumb>special://skin/extras/icons/download.png</thumb>
		<action>PlayMedia("plugin://plugin.video.sendtokodiU2P/?action=bdauto")</action>
		</shortcut>
	<shortcut>
		<defaultID />
		<label>Effacer DATABASE Kodi</label>
		<label2>Extensions Vidéo</label2>
		<icon>DefaultShortcut.png</icon>
		<thumb>special://skin/extras/icons/wand.png</thumb>
		<action>ActivateWindow(Videos,"plugin://plugin.video.sendtokodiU2P/?action=delDta",return)</action>
		</shortcut>
	</shortcuts>
