<shortcuts>
	<shortcut>
		<defaultID />
		<label>Index Séries Animés</label>
		<label2>Extensions Vidéo</label2>
		<icon>DefaultShortcut.png</icon>
		<thumb>special://skin/extras/icons/playlist.png</thumb>
		<action>ActivateWindow(Videos,"plugin://plugin.video.vstream/?site=pastebin&amp;function=showMenu&amp;title=Index+S%C3%A9ries+Anim%C3%A9s&amp;pasteID=44",return)</action>
		</shortcut>
	<shortcut>
		<defaultID />
		<label>Index Manga</label>
		<label2>Extensions Vidéo</label2>
		<icon>DefaultShortcut.png</icon>
		<thumb>special://skin/extras/icons/playlist.png</thumb>
		<action>ActivateWindow(Videos,"plugin://plugin.video.vstream/?site=pastebin&amp;function=showMenu&amp;title=Index+Manga&amp;pasteID=45",return)</action>
		</shortcut>
	<shortcut>
		<defaultID />
		<label>Alko Animés</label>
		<label2>Extensions Vidéo</label2>
		<icon>DefaultShortcut.png</icon>
		<thumb>thumb</thumb>
		<action>ActivateWindow(Videos,"plugin://plugin.video.vstream/?site=pastebin&amp;function=showMenu&amp;title=Alko+Anim%C3%A9s&amp;pasteID=41",return)</action>
		</shortcut>
	</shortcuts>
