<shortcuts>
	<shortcut>
		<defaultID />
		<label>Nouveautés</label>
		<label2>Elément personnalisé</label2>
		<icon>DefaultShortcut.png</icon>
		<thumb>image://special%3a%2f%2fhome%2faddons%2fplugin.video.vstream%2fresources%2fart%2fgenres.png/</thumb>
		<action>ActivateWindow(Videos,"plugin://plugin.video.vstream/?site=pastebin&amp;function=showMovies&amp;title=DA+News&amp;siteUrl=https%3A%2F%2Fpastebin.com%2Fraw%2F%26numPage%3D1%26sMedia%3Dfilm%26pasteID%3D1%26sGroupe%3DDA+News&amp;sFav=showMovies",return)</action>
		</shortcut>
	<shortcut>
		<defaultID />
		<label>Derniers ajouts</label>
		<label2>Extensions Vidéo</label2>
		<icon>DefaultShortcut.png</icon>
		<thumb>image://special%3a%2f%2fhome%2faddons%2fplugin.video.vstream%2fresources%2fart%2fnews.png/</thumb>
		<action>ActivateWindow(Videos,"plugin://plugin.video.vstream/?site=pastebin&amp;function=showMovies&amp;title=Films+&amp;siteUrl=https%3A%2F%2Fpastebin.com%2Fraw%2F%26numPage%3D1%26sMedia%3Dfilm%26bNews%3DTrue%26pasteID%3D1&amp;sFav=showMovies",return)</action>
		</shortcut>
	<shortcut>
		<defaultID />
		<label>Disney</label>
		<label2>Elément personnalisé</label2>
		<icon>DefaultShortcut.png</icon>
		<thumb>thumb</thumb>
		<action>ActivateWindow(Videos,"plugin://plugin.video.themoviedb.helper/?list_name=Disney&amp;list_slug=disney&amp;user_slug=themoodymuck&amp;plugin_category=Disney&amp;widget=true&amp;tmdb_id=None&amp;info=trakt_userlist&amp;sort_by=rank&amp;sort_how=asc",return)</action>
		</shortcut>
	<shortcut>
		<defaultID />
		<label>DreamWorks</label>
		<label2>Extensions Vidéo</label2>
		<icon>DefaultShortcut.png</icon>
		<thumb>thumb</thumb>
		<action>ActivateWindow(Videos,"plugin://plugin.video.themoviedb.helper/?list_name=DreamWorks&amp;list_slug=dreamworks&amp;user_slug=asmobarki&amp;plugin_category=DreamWorks&amp;widget=true&amp;tmdb_id=None&amp;info=trakt_userlist&amp;sort_by=rank&amp;sort_how=asc",return)</action>
		</shortcut>
	<shortcut>
		<defaultID />
		<label>Pixar</label>
		<label2>Extensions Vidéo</label2>
		<icon>DefaultShortcut.png</icon>
		<thumb>thumb</thumb>
		<action>ActivateWindow(Videos,"plugin://plugin.video.themoviedb.helper/?list_name=Pixar&amp;list_slug=pixar&amp;user_slug=asmobarki&amp;plugin_category=Pixar&amp;widget=true&amp;tmdb_id=None&amp;info=trakt_userlist&amp;sort_by=rank&amp;sort_how=asc",return)</action>
		</shortcut>
	</shortcuts>
