<shortcuts>
	<shortcut>
		<defaultID />
		<label>En cours de visionnage</label>
		<label2>Extensions Vidéo</label2>
		<icon>DefaultShortcut.png</icon>
		<thumb>special://skin/extras/icons/emby.png</thumb>
		<action>ActivateWindow(Videos,"plugin://plugin.video.vstream/?site=cViewing&amp;function=getViewing&amp;title=En+cours+de+visionnage&amp;siteUrl=http%3A%2F%2Fvenom&amp;sFav=getViewing",return)</action>
		</shortcut>
	<shortcut>
		<defaultID />
		<label>Films</label>
		<label2>Extensions Vidéo</label2>
		<icon>DefaultShortcut.png</icon>
		<thumb>special://skin/extras/icons/director.png</thumb>
		<action>ActivateWindow(Videos,"plugin://plugin.video.vstream/?site=pastebin&amp;function=showMenu&amp;title=1+Films+&amp;pasteID=1",return)</action>
		</shortcut>
	<shortcut>
		<defaultID />
		<label>Séries</label>
		<label2>Extensions Vidéo</label2>
		<icon>DefaultShortcut.png</icon>
		<thumb>special://skin/extras/icons/lazytv.png</thumb>
		<action>ActivateWindow(Videos,"plugin://plugin.video.vstream/?site=pastebin&amp;function=showMenu&amp;title=4+Series+&amp;pasteID=19",return)</action>
		</shortcut>
	<shortcut>
		<defaultID />
		<label>Dessins Animés</label>
		<label2>Extensions Vidéo</label2>
		<icon>DefaultShortcut.png</icon>
		<thumb>special://skin/extras/icons/babygirl.png</thumb>
		<action>ActivateWindow(Videos,"plugin://plugin.video.vstream/?site=pastebin&amp;function=showMenu&amp;title=5+Dessin+Anim%C3%A9s+&amp;pasteID=29",return)</action>
		</shortcut>
	<shortcut>
		<defaultID />
		<label>Concerts / Spectacles / Docs</label>
		<label2>Extensions Vidéo</label2>
		<icon>DefaultShortcut.png</icon>
		<thumb>special://skin/extras/icons/compilations.png</thumb>
		<action>ActivateWindow(Videos,"plugin://plugin.video.vstream/?site=pastebin&amp;function=showMenu&amp;title=7+Docs+Spectacle+Zik+&amp;pasteID=47",return)</action>
		</shortcut>
	</shortcuts>
