<shortcuts>
	<shortcut>
		<defaultID />
		<label>TNT</label>
		<label2>Elément personnalisé</label2>
		<icon>DefaultShortcut.png</icon>
		<thumb>special://skin/extras/icons/lazytv.png</thumb>
		<action>ActivateWindow(Videos,"plugin://plugin.video.catchuptvandmore/resources/lib/main/tv_guide_menu/?_pickle_=80049538000000000000007d94288c075f7469746c655f948c064672616e6365948c08786d6c74765f6964944e8c076974656d5f6964948c0766725f6c69766594752e",return)</action>
		</shortcut>
	<shortcut>
		<defaultID />
		<label>Replay TV</label>
		<label2>Extensions Vidéo</label2>
		<icon>DefaultShortcut.png</icon>
		<thumb>special://skin/extras/icons/livetv.png</thumb>
		<action>ActivateWindow(Videos,"plugin://plugin.video.catchuptvandmore/resources/lib/main/generic_menu/?_pickle_=8004953a000000000000007d94288c075f7469746c655f948c064672616e6365948c08786d6c74765f6964944e8c076974656d5f6964948c0966725f7265706c617994752e",return)</action>
		</shortcut>
	<shortcut>
		<defaultID />
		<label>Multi Sports Live</label>
		<label2>Extensions Vidéo</label2>
		<icon>DefaultShortcut.png</icon>
		<thumb>special://skin/extras/icons/basketball.png</thumb>
		<action>ActivateWindow(Videos,"plugin://plugin.video.vstream/?site=livetv&amp;function=showMovies&amp;title=Les+sports+&amp;siteUrl=http%3A%2F%2Flivetv.sx%2Ffrx%2Fallupcoming%2F&amp;sFav=showMovies",return)</action>
		</shortcut>
	</shortcuts>
