<shortcuts>
	<shortcut>
		<defaultID />
		<label>Films Nouveautés</label>
		<label2>Extensions Vidéo</label2>
		<icon>DefaultShortcut.png</icon>
		<thumb>image://special%3a%2f%2fhome%2faddons%2fplugin.video.vstream%2fresources%2fart%2fgenres.png/</thumb>
		<action>ActivateWindow(Videos,"plugin://plugin.video.vstream/?site=cTrakt&amp;function=getTrakt&amp;title=Films+Nouveaut%C3%A9s+&amp;siteUrl=https%3A%2F%2Fapi.trakt.tv%2Fusers%2Fme%2Flists%2Ffilms-nouveautes%2Fitems&amp;sFav=getTrakt",return)</action>
		</shortcut>
	<shortcut>
		<defaultID />
		<label>Box-office</label>
		<label2>Elément personnalisé</label2>
		<icon>DefaultShortcut.png</icon>
		<thumb>image://special%3a%2f%2fhome%2faddons%2fplugin.video.sendtokodiU2P%2fresources%2fpng%2fliste.png/</thumb>
		<action>ActivateWindow(Videos,"plugin://plugin.video.vstream/?site=cTrakt&amp;function=getTrakt&amp;title=Box-office+&amp;siteUrl=https%3A%2F%2Fapi.trakt.tv%2Fusers%2Fme%2Flists%2Fbox-office%2Fitems&amp;sFav=getTrakt",return)</action>
		</shortcut>
	<shortcut>
		<defaultID />
		<label>Mes recommandations Films</label>
		<label2>Elément personnalisé</label2>
		<icon>DefaultShortcut.png</icon>
		<thumb>image://special%3a%2f%2fhome%2faddons%2fplugin.video.vstream%2fresources%2fart%2fgenres.png/</thumb>
		<action>ActivateWindow(Videos,"plugin://plugin.video.vstream/?site=cTrakt&amp;function=getTrakt&amp;title=Mes+recommandations+Films+&amp;siteUrl=https%3A%2F%2Fapi.trakt.tv%2Fusers%2Fme%2Flists%2Fmes-recommandations-films%2Fitems&amp;sFav=getTrakt",return)</action>
		</shortcut>
	<shortcut>
		<defaultID />
		<label>Mes recommandations Séries</label>
		<label2>Elément personnalisé</label2>
		<icon>DefaultShortcut.png</icon>
		<thumb>image://special%3a%2f%2fhome%2faddons%2fplugin.video.sendtokodiU2P%2fresources%2fpng%2fliste.png/</thumb>
		<action>ActivateWindow(Videos,"plugin://plugin.video.vstream/?site=cTrakt&amp;function=getTrakt&amp;title=Mes+recommandations+S%C3%A9ries+&amp;siteUrl=https%3A%2F%2Fapi.trakt.tv%2Fusers%2Fme%2Flists%2Fmes-recommandations-series%2Fitems&amp;sFav=getTrakt",return)</action>
		</shortcut>
	</shortcuts>
