<shortcuts>
	<shortcut>
		<defaultID />
		<label>Box-office</label>
		<label2>Elément personnalisé</label2>
		<icon>DefaultShortcut.png</icon>
		<thumb>image://special%3a%2f%2fhome%2faddons%2fplugin.video.sendtokodiU2P%2fresources%2fpng%2fliste.png/</thumb>
		<action>ActivateWindow(Videos,"plugin://plugin.video.vstream/?site=cTrakt&amp;function=getTrakt&amp;title=Box-office+&amp;siteUrl=https%3A%2F%2Fapi.trakt.tv%2Fusers%2Fme%2Flists%2Fbox-office%2Fitems&amp;sFav=getTrakt",return)</action>
		</shortcut>
	<shortcut>
		<defaultID />
		<label>Films a voir [COLOR lightcoral](41)[/COLOR]</label>
		<label2>Extensions Vidéo</label2>
		<icon>DefaultShortcut.png</icon>
		<thumb>image://special%3a%2f%2fhome%2faddons%2fplugin.video.vstream%2fresources%2fart%2fgenres.png/</thumb>
		<action>ActivateWindow(Videos,"plugin://plugin.video.vstream/?site=cTrakt&amp;function=getTrakt&amp;title=Films+a+voir+&amp;siteUrl=https%3A%2F%2Fapi.trakt.tv%2Fusers%2Fme%2Flists%2Ffilms-a-voir%2Fitems&amp;sFav=getTrakt",return)</action>
		</shortcut>
	<shortcut>
		<defaultID />
		<label>Séries a voir [COLOR lightcoral](52)[/COLOR]</label>
		<label2>Extensions Vidéo</label2>
		<icon>DefaultShortcut.png</icon>
		<thumb>image://special%3a%2f%2fhome%2faddons%2fplugin.video.vstream%2fresources%2fart%2fgenres.png/</thumb>
		<action>ActivateWindow(Videos,"plugin://plugin.video.vstream/?site=cTrakt&amp;function=getTrakt&amp;title=S%C3%A9ries+a+voir+&amp;siteUrl=https%3A%2F%2Fapi.trakt.tv%2Fusers%2Fme%2Flists%2Fseries-a-voir%2Fitems&amp;sFav=getTrakt",return)</action>
		</shortcut>
	</shortcuts>
