<shortcuts>
	<shortcut>
		<defaultID />
		<label>En cours de visionnage</label>
		<label2>Extensions Vidéo</label2>
		<icon>DefaultShortcut.png</icon>
		<thumb>special://skin/extras/icons/emby.png</thumb>
		<action>ActivateWindow(Videos,"plugin://plugin.video.vstream/?site=cViewing&amp;function=getViewing&amp;title=En+cours+de+visionnage&amp;siteUrl=http%3A%2F%2Fvenom&amp;sFav=getViewing",return)</action>
		</shortcut>
	<shortcut>
		<defaultID />
		<label>UpToBox</label>
		<label2>Extensions Vidéo</label2>
		<icon>DefaultShortcut.png</icon>
		<thumb>image://special%3a%2f%2fhome%2faddons%2fplugin.video.vstream%2fresources%2fart%2fsites%2fsiteuptobox.png/</thumb>
		<action>ActivateWindow(Videos,"plugin://plugin.video.vstream/?site=siteuptobox&amp;function=load&amp;title=UpToBox&amp;siteUrl=http%3A%2F%2F&amp;sFav=load",return)</action>
		</shortcut>
	<shortcut>
		<defaultID />
		<label>Films</label>
		<label2>Extensions Vidéo</label2>
		<icon>DefaultShortcut.png</icon>
		<thumb>special://skin/extras/icons/director.png</thumb>
		<action>ActivateWindow(Videos,"plugin://plugin.video.vstream/?site=pastebin&amp;function=showMenu&amp;title=1+Films+&amp;pasteID=1",return)</action>
		</shortcut>
	<shortcut>
		<defaultID />
		<label>Séries</label>
		<label2>Extensions Vidéo</label2>
		<icon>DefaultShortcut.png</icon>
		<thumb>special://skin/extras/icons/livetv.png</thumb>
		<action>ActivateWindow(Videos,"plugin://plugin.video.vstream/?site=pastebin&amp;function=showMenu&amp;title=4+Series+&amp;pasteID=19",return)</action>
		</shortcut>
	<shortcut>
		<defaultID />
		<label>Dessins Animés</label>
		<label2>Extensions Vidéo</label2>
		<icon>DefaultShortcut.png</icon>
		<thumb>special://skin/extras/icons/babygirl.png</thumb>
		<action>ActivateWindow(Videos,"plugin://plugin.video.vstream/?site=pastebin&amp;function=showMenu&amp;title=Anim%C3%A9s&amp;pasteID=10",return)</action>
		</shortcut>
	<shortcut>
		<defaultID />
		<label>Concerts / Spectacles / Docs</label>
		<label2>Extensions Vidéo</label2>
		<icon>DefaultShortcut.png</icon>
		<thumb>special://skin/extras/icons/audiogenre.png</thumb>
		<action>ActivateWindow(Videos,"plugin://plugin.video.vstream/?site=pastebin&amp;function=showMenu&amp;title=7+Docs+Spectacle+Zik+&amp;pasteID=47",return)</action>
		</shortcut>
	<shortcut>
		<defaultID />
		<label>Sports</label>
		<label2>Extensions Vidéo</label2>
		<icon>DefaultShortcut.png</icon>
		<thumb>special://skin/extras/icons/basketball.png</thumb>
		<action>ActivateWindow(Videos,"plugin://plugin.video.vstream/?site=cHome&amp;function=showSports&amp;title=Sports&amp;siteUrl=http%3A%2F%2Fvenom&amp;sFav=showSports",return)</action>
		</shortcut>
	</shortcuts>
