<shortcuts>
	<shortcut>
		<defaultID />
		<label>Sci-Fi</label>
		<label2>Extensions Vidéo</label2>
		<icon>DefaultShortcut.png</icon>
		<thumb>special://skin/extras/icons/award.png</thumb>
		<action>ActivateWindow(Videos,"plugin://plugin.video.themoviedb.helper/?list_name=Sci-Fi+%28Series%29&amp;list_slug=sci-fi-series&amp;user_slug=lizline73-gmail-com&amp;plugin_category=Sci-Fi+%28Series%29&amp;widget=true&amp;tmdb_id=None&amp;info=trakt_userlist&amp;sort_by=rank&amp;sort_how=asc",return)</action>
		</shortcut>
	<shortcut>
		<defaultID />
		<label>Crime</label>
		<label2>Extensions Vidéo</label2>
		<icon>DefaultShortcut.png</icon>
		<thumb>special://skin/extras/icons/award.png</thumb>
		<action>ActivateWindow(Videos,"plugin://plugin.video.themoviedb.helper/?list_name=Crime+%28Series%29&amp;list_slug=crime-series&amp;user_slug=lizline73-gmail-com&amp;plugin_category=Crime+%28Series%29&amp;widget=true&amp;tmdb_id=None&amp;info=trakt_userlist&amp;sort_by=rank&amp;sort_how=asc",return)</action>
		</shortcut>
	<shortcut>
		<defaultID />
		<label>Séries Drames</label>
		<label2>Extensions Vidéo</label2>
		<icon>DefaultShortcut.png</icon>
		<thumb>special://skin/extras/icons/award.png</thumb>
		<action>ActivateWindow(Videos,"plugin://plugin.video.themoviedb.helper/?list_name=Serie+Drame&amp;list_slug=serie-drame&amp;user_slug=max-blade&amp;plugin_category=Serie+Drame&amp;widget=true&amp;tmdb_id=None&amp;info=trakt_userlist&amp;sort_by=rank&amp;sort_how=asc",return)</action>
		</shortcut>
	<shortcut>
		<defaultID />
		<label>Séries Historiques</label>
		<label2>Extensions Vidéo</label2>
		<icon>DefaultShortcut.png</icon>
		<thumb>special://skin/extras/icons/award.png</thumb>
		<action>ActivateWindow(Videos,"plugin://plugin.video.themoviedb.helper/?list_name=Serie+Historique&amp;list_slug=serie-historique&amp;user_slug=max-blade&amp;plugin_category=Serie+Historique&amp;widget=true&amp;tmdb_id=None&amp;info=trakt_userlist&amp;sort_by=rank&amp;sort_how=asc",return)</action>
		</shortcut>
	<shortcut>
		<defaultID />
		<label>Séries Fantastique/Fantasy</label>
		<label2>Extensions Vidéo</label2>
		<icon>DefaultShortcut.png</icon>
		<thumb>special://skin/extras/icons/award.png</thumb>
		<action>ActivateWindow(Videos,"plugin://plugin.video.themoviedb.helper/?list_name=Serie+Fantastique%2FFantasy&amp;list_slug=serie-fantastique-fantasy&amp;user_slug=max-blade&amp;plugin_category=Serie+Fantastique%2FFantasy&amp;widget=true&amp;tmdb_id=None&amp;info=trakt_userlist&amp;sort_by=rank&amp;sort_how=asc",return)</action>
		</shortcut>
	<shortcut>
		<defaultID />
		<label>Séries Science-fiction</label>
		<label2>Extensions Vidéo</label2>
		<icon>DefaultShortcut.png</icon>
		<thumb>special://skin/extras/icons/award.png</thumb>
		<action>ActivateWindow(Videos,"plugin://plugin.video.themoviedb.helper/?info=trakt_sortby&amp;list_name=Serie+Science-fiction&amp;list_slug=serie-science-fiction&amp;user_slug=max-blade&amp;plugin_category=Serie+Science-fiction&amp;widget=true&amp;parent_info=trakt_userlist",return)</action>
		</shortcut>
	<shortcut>
		<defaultID />
		<label>Séries Crime/Policier/Justice</label>
		<label2>Extensions Vidéo</label2>
		<icon>DefaultShortcut.png</icon>
		<thumb>special://skin/extras/icons/award.png</thumb>
		<action>ActivateWindow(Videos,"plugin://plugin.video.themoviedb.helper/?list_name=Serie+Crime%2FPolicier%2FJustice&amp;list_slug=serie-crime-policier-justice&amp;user_slug=max-blade&amp;plugin_category=Serie+Crime%2FPolicier%2FJustice&amp;widget=true&amp;tmdb_id=None&amp;info=trakt_userlist&amp;sort_by=rank&amp;sort_how=asc",return)</action>
		</shortcut>
	<shortcut>
		<defaultID />
		<label>Séries retro</label>
		<label2>Extensions Vidéo</label2>
		<icon>DefaultShortcut.png</icon>
		<thumb>special://skin/extras/icons/award.png</thumb>
		<action>ActivateWindow(Videos,"plugin://plugin.video.themoviedb.helper/?list_name=S%C3%A9ries+retro&amp;list_slug=series-retro&amp;user_slug=tortue83&amp;plugin_category=S%C3%A9ries+retro&amp;owner=true&amp;widget=true&amp;tmdb_id=None&amp;info=trakt_userlist&amp;sort_by=rank&amp;sort_how=asc",return)</action>
		</shortcut>
	<shortcut>
		<defaultID />
		<label>UK Detective/Crime Series</label>
		<label2>Extensions Vidéo</label2>
		<icon>DefaultShortcut.png</icon>
		<thumb>special://skin/extras/icons/award.png</thumb>
		<action>ActivateWindow(Videos,"plugin://plugin.video.themoviedb.helper/?list_name=UK+Detective%2FCrime+Series&amp;list_slug=uk-detective-crime-series&amp;user_slug=rudiecantfail&amp;plugin_category=UK+Detective%2FCrime+Series&amp;widget=true&amp;tmdb_id=None&amp;info=trakt_userlist&amp;sort_by=rank&amp;sort_how=asc",return)</action>
		</shortcut>
	<shortcut>
		<defaultID />
		<label>My Crime+Thriller Series</label>
		<label2>Extensions Vidéo</label2>
		<icon>DefaultShortcut.png</icon>
		<thumb>special://skin/extras/icons/award.png</thumb>
		<action>ActivateWindow(Videos,"plugin://plugin.video.themoviedb.helper/?list_name=My+Crime%2BThriller+Series&amp;list_slug=my-crime-thriller-series&amp;user_slug=shehrezad&amp;plugin_category=My+Crime%2BThriller+Series&amp;widget=true&amp;tmdb_id=None&amp;info=trakt_userlist&amp;sort_by=rank&amp;sort_how=asc",return)</action>
		</shortcut>
	<shortcut>
		<defaultID />
		<label>Nature et vie sauvage</label>
		<label2>Extensions Vidéo</label2>
		<icon>DefaultShortcut.png</icon>
		<thumb>special://skin/extras/icons/award.png</thumb>
		<action>ActivateWindow(Videos,"plugin://plugin.video.themoviedb.helper/?list_name=S%C3%A9ries+documentaires+%27%27Nature+et+vie+sauvage%27%27&amp;list_slug=series-documentaires-nature-et-vie-sauvage&amp;user_slug=alkodique&amp;plugin_category=S%C3%A9ries+documentaires+%27%27Nature+et+vie+sauvage%27%27&amp;widget=true&amp;tmdb_id=None&amp;info=trakt_userlist&amp;sort_by=rank&amp;sort_how=asc",return)</action>
		</shortcut>
	</shortcuts>
