<shortcuts>
	<shortcut>
		<defaultID />
		<label>Skin Full</label>
		<label2>Elément personnalisé</label2>
		<icon>DefaultShortcut.png</icon>
		<thumb>special://skin/extras/icons/download.png</thumb>
		<action>RunScript(special://home/userdata/addon_data/Scripts/full_full.py)</action>
	</shortcut>
	<shortcut>
		<defaultID />
		<label>Skin Perso</label>
		<label2>Elément personnalisé</label2>
		<icon>DefaultShortcut.png</icon>
		<thumb>special://skin/extras/icons/download.png</thumb>
		<action>RunScript(special://home/userdata/addon_data/Scripts/full_perso.py)</action>
	</shortcut>
	<shortcut>
		<defaultID />
		<label>Skin Kids Full</label>
		<label2>Elément personnalisé</label2>
		<icon>DefaultShortcut.png</icon>
		<thumb>special://skin/extras/icons/download.png</thumb>
		<action>RunScript(special://home/userdata/addon_data/Scripts/full_kids.py)</action>
	</shortcut>
	<shortcut>
		<defaultID />
		<label>Skin Series Full</label>
		<label2>Elément personnalisé</label2>
		<icon>DefaultShortcut.png</icon>
		<thumb>special://skin/extras/icons/download.png</thumb>
		<action>RunScript(special://home/userdata/addon_data/Scripts/full_series.py)</action>
	</shortcut>
</shortcuts>
