<shortcuts>
	<shortcut>
		<defaultID />
		<label>TF1 - Jeunesse</label>
		<label2>Extensions Vidéo</label2>
		<icon>DefaultShortcut.png</icon>
		<thumb>special://skin/extras/icons/babygirl.png</thumb>
		<action>ActivateWindow(Videos,"plugin://plugin.video.catchuptvandmore/resources/lib/channels/fr/mytf1/list_programs/?_pickle_=80049543000000000000007d94288c075f7469746c655f948c084a65756e65737365948c076974656d5f6964948c03746631948c0b63617465676f72795f6964948c0847545f594f55544894752e",return)</action>
	</shortcut>
	<shortcut>
		<defaultID />
		<label>M6 - Jeunesse</label>
		<label2>Extensions Vidéo</label2>
		<icon>DefaultShortcut.png</icon>
		<thumb>special://skin/extras/icons/babyboy.png</thumb>
		<action>ActivateWindow(Videos,"plugin://plugin.video.catchuptvandmore/resources/lib/channels/fr/6play/list_programs/?_pickle_=8004953d000000000000007d94288c075f7469746c655f948c084a65756e65737365948c076974656d5f6964948c026d36948c0b63617465676f72795f6964948c0331343694752e",return)</action>
	</shortcut>
	<shortcut>
		<defaultID />
		<label>Les tout-petits</label>
		<label2>Extensions Vidéo</label2>
		<icon>DefaultShortcut.png</icon>
		<thumb>special://skin/extras/icons/babyboy.png</thumb>
		<action>ActivateWindow(Videos,"plugin://plugin.video.catchuptvandmore/resources/lib/channels/fr/6play/list_programs/?_pickle_=80049547000000000000007d94288c075f7469746c655f948c0f4c657320746f75742d706574697473948c076974656d5f6964948c0567756c6c69948c0b63617465676f72795f6964948c0336353994752e",return)</action>
	</shortcut>
	<shortcut>
		<defaultID />
		<label>Les plus grands</label>
		<label2>Extensions Vidéo</label2>
		<icon>DefaultShortcut.png</icon>
		<thumb>special://skin/extras/icons/babygirl.png</thumb>
		<action>ActivateWindow(Videos,"plugin://plugin.video.catchuptvandmore/resources/lib/channels/fr/6play/list_programs/?_pickle_=80049547000000000000007d94288c075f7469746c655f948c0f4c657320706c7573206772616e6473948c076974656d5f6964948c0567756c6c69948c0b63617465676f72795f6964948c0336363194752e",return)</action>
	</shortcut>
</shortcuts>
