<shortcuts>
	<shortcut>
		<defaultID />
		<label>Accueil</label>
		<label2>Elément personnalisé</label2>
		<icon>DefaultShortcut.png</icon>
		<thumb />
		<action>noop</action>
	</shortcut>
	<shortcut>
		<defaultID>movies</defaultID>
		<label>20342</label>
		<label2>Elément personnalisé</label2>
		<icon>special://skin/extras/icons/film.png</icon>
		<thumb />
		<action>NOOP</action>
	</shortcut>
	<shortcut>
		<defaultID>tvshows</defaultID>
		<label>Séries</label>
		<label2>Elément personnalisé</label2>
		<icon>special://skin/extras/icons/tv.png</icon>
		<thumb />
		<action>NOOP</action>
	</shortcut>
	<shortcut>
		<defaultID />
		<label>Séries [COLOR lightcoral](Par diffuseurs)[/COLOR]</label>
		<label2>Extensions Vidéo</label2>
		<icon>DefaultShortcut.png</icon>
		<thumb>image://special%3a%2f%2fhome%2faddons%2fplugin.video.vstream%2fresources%2fart%2fhost.png/</thumb>
		<action>ActivateWindow(Videos,"plugin://plugin.video.vstream/?site=pastebin&amp;function=showNetwork&amp;title=S%C3%A9ries+&amp;siteUrl=https%3A%2F%2Fpastebin.com%2Fraw%2F%26numPage%3D1%26sMedia%3Dserie%26pasteID%3D19&amp;sFav=showNetwork",return)</action>
	</shortcut>
	<shortcut>
		<defaultID>settings</defaultID>
		<label>10004</label>
		<label2>Paramètres</label2>
		<icon>special://skin/extras/icons/settings.png</icon>
		<thumb />
		<action>ActivateWindow(Settings)</action>
	</shortcut>
	<shortcut>
		<defaultID />
		<label>Skins</label>
		<label2>Elément personnalisé</label2>
		<icon>DefaultShortcut.png</icon>
		<thumb />
		<action>noop</action>
	</shortcut>
	<shortcut>
		<defaultID>13009</defaultID>
		<label>13009</label>
		<label2>Commande Kodi</label2>
		<icon>special://skin/extras/icons/power.png</icon>
		<thumb />
		<action>Quit</action>
	</shortcut>
</shortcuts>
