<?xml version='1.0' encoding='UTF-8'?>
<shortcuts>
	<shortcut>
		<defaultID>settings</defaultID>
		<label>10004</label>
		<label2>Paramètres</label2>
		<icon>special://skin/extras/icons/settings.png</icon>
		<thumb>special://skin/extras/icons/addons.png</thumb>
		<action>ActivateWindow(Settings)</action>
	</shortcut>
	<shortcut>
		<defaultID>24001</defaultID>
		<label>24001</label>
		<label2>Paramètres</label2>
		<icon>special://skin/extras/icons/addons.png</icon>
		<thumb>special://skin/extras/icons/bookmark.png</thumb>
		<action>ActivateWindow(AddonBrowser)</action>
	</shortcut>
	<shortcut>
		<defaultID>13000</defaultID>
		<label>13000</label>
		<label2>Paramètres</label2>
		<icon>special://skin/extras/icons/configure.png</icon>
		<thumb>special://skin/extras/icons/</thumb>
		<action>ActivateWindow(SystemSettings)</action>
	</shortcut>
	<shortcut>
		<defaultID>plugin.video.vstream</defaultID>
		<label>vStream</label>
		<label2>Extensions Vidéo</label2>
		<icon>DefaultShortcut.png</icon>
		<thumb>image://%2fstorage%2femulated%2f0%2fAndroid%2fdata%2ftv.wonderbox.www%2ffiles%2f.kodi%2faddons%2fplugin.video.vstream%2ficon.png/</thumb>
		<action>ActivateWindow(Videos,"plugin://plugin.video.vstream",return)</action>
	</shortcut>
	<shortcut>
		<defaultID />
		<label>[COLOR coral]Mettre à jour tous les contenus[/COLOR]</label>
		<label2>Extensions Vidéo</label2>
		<icon>DefaultShortcut.png</icon>
		<thumb>special://skin/extras/icons/wand.png</thumb>
		<action>ActivateWindow(Videos,"plugin://plugin.video.vstream/?site=pastebin&amp;function=refreshAllPaste&amp;title=Mettre+%C3%A0+jour+tous+les+contenus&amp;sFav=refreshAllPaste",return)</action>
	</shortcut>
	<shortcut>
		<defaultID />
		<label>Actualiser Skin</label>
		<label2>Elément personnalisé</label2>
		<icon>DefaultShortcut.png</icon>
		<thumb>special://skin/extras/icons/repeat.png</thumb>
		<action>RELOADSKIN()</action>
	</shortcut>
	<shortcut>
		<defaultID>program.RockClean</defaultID>
		<label>[COLOR red]ROCK CLEAN[/COLOR]</label>
		<label2>Programme</label2>
		<icon>DefaultShortcut.png</icon>
		<thumb>image://%2fstorage%2femulated%2f0%2fAndroid%2fdata%2ftv.wonderbox.www%2ffiles%2f.kodi%2faddons%2fprogram.RockClean%2ficon.png/</thumb>
		<action>ActivateWindow(Programs,"plugin://program.RockClean",return)</action>
	</shortcut>
</shortcuts>
