<?xml version='1.0' encoding='UTF-8'?>
<shortcuts>
	<shortcut>
		<defaultID>plugin.video.catchuptvandmore</defaultID>
		<label>Menu</label>
		<label2>Extensions Vidéo</label2>
		<icon>DefaultShortcut.png</icon>
		<thumb>special://skin/extras/icons/playlist.png</thumb>
		<action>ActivateWindow(Videos,"plugin://plugin.video.catchuptvandmore",return)</action>
	</shortcut>
	<shortcut>
		<defaultID />
		<label>[COLOR yellow]TÉLÉVISION [/COLOR]Tortueland</label>
		<label2>Extensions Vidéo</label2>
		<icon>DefaultShortcut.png</icon>
		<thumb>special://skin/extras/icons/tv.png</thumb>
		<action>ActivateWindow(Videos,"plugin://plugin.video.live.streamspro/?url=https%3A%2F%2Fpastebin.com%2Fraw%2F5bCKhDfn&amp;mode=1&amp;name=%5BCOLOR+yellow%5DT%C3%89L%C3%89VISION+%5B%2FCOLOR%5D&amp;fanart=https%3A%2F%2Fwww.controcampus.it%2Fwp-content%2Fuploads%2F2015%2F02%2FAnonymous.jpg",return)</action>
	</shortcut>
	<shortcut>
		<defaultID />
		<label>Channel Stream</label>
		<label2>Extensions Vidéo</label2>
		<icon>DefaultShortcut.png</icon>
		<thumb>special://skin/extras/icons/livetv.png</thumb>
		<action>ActivateWindow(Videos,"plugin://plugin.video.vstream/?site=channelstream&amp;function=load&amp;title=Channel+Stream&amp;siteUrl=http%3A%2F%2Fvenom&amp;sFav=load",return)</action>
	</shortcut>
	<shortcut>
		<defaultID />
		<label>Streamonsport</label>
		<label2>Extensions Vidéo</label2>
		<icon>DefaultShortcut.png</icon>
		<thumb>special://skin/extras/icons/antenna.png</thumb>
		<action>ActivateWindow(Videos,"plugin://plugin.video.vstream/?site=streamonsport&amp;function=load&amp;title=Streamonsport&amp;siteUrl=http%3A%2F%2Fvenom&amp;sFav=load",return)</action>
	</shortcut>
</shortcuts>
