<shortcuts>
	<shortcut>
		<defaultID />
		<label>AuraMod</label>
		<label2>Elément personnalisé</label2>
		<icon>DefaultShortcut.png</icon>
		<thumb>special://skin/extras/icons/watched-show.png</thumb>
		<action>noop</action>
		</shortcut>
	<shortcut>
		<defaultID>1036</defaultID>
		<label>1036</label>
		<label2>Elément de menu commun</label2>
		<icon>special://skin/extras/icons/favourites.png</icon>
		<thumb>special://skin/extras/icons/top100.png</thumb>
		<action>ActivateWindow(Favourites)</action>
		</shortcut>
	<shortcut>
		<defaultID>weather</defaultID>
		<label>12600</label>
		<label2>Elément de menu commun</label2>
		<icon>special://skin/extras/icons/sun.png</icon>
		<thumb>special://skin/extras/icons/brightness.png</thumb>
		<action>ActivateWindow(Weather)</action>
		</shortcut>
	<shortcut>
		<defaultID>13009</defaultID>
		<label>13009</label>
		<label2>Commande Kodi</label2>
		<icon>DefaultShortcut.png</icon>
		<thumb>special://skin/extras/icons/power.png</thumb>
		<action>Quit</action>
		</shortcut>
	</shortcuts>
