<?xml version='1.0' encoding='UTF-8'?>
<shortcuts>
	<shortcut>
		<defaultID />
		<label>[COLOR yellow]TÉLÉVISION [/COLOR] Tortue</label>
		<label2>Extensions Vidéo</label2>
		<icon>DefaultShortcut.png</icon>
		<thumb>special://skin/extras/icons/lazytv.png</thumb>
		<action>ActivateWindow(Videos,"plugin://plugin.video.live.streamspro/?url=https%3A%2F%2Fpastebin.com%2Fraw%2F5bCKhDfn&amp;mode=1&amp;name=%5BCOLOR+yellow%5DT%C3%89L%C3%89VISION+%5B%2FCOLOR%5D&amp;fanart=https%3A%2F%2Fwww.controcampus.it%2Fwp-content%2Fuploads%2F2015%2F02%2FAnonymous.jpg",return)</action>
	</shortcut>
	<shortcut>
		<defaultID />
		<label> Tnt France</label>
		<label2>Extensions Vidéo</label2>
		<icon>DefaultShortcut.png</icon>
		<thumb>special://skin/extras/icons/lazytv.png</thumb>
		<action>ActivateWindow(Videos,"plugin://plugin.video.catchuptvandmore/resources/lib/main/tv_guide_menu/?_pickle_=80027d71012858070000006974656d5f69647102580700000066725f6c697665710355075f7469746c655f710458060000004672616e63655808000000786d6c74765f696471054e752e",return)</action>
	</shortcut>
	<shortcut>
		<defaultID />
		<label>Replay</label>
		<label2>Extensions Vidéo</label2>
		<icon>DefaultShortcut.png</icon>
		<thumb>special://skin/extras/icons/livetv.png</thumb>
		<action>ActivateWindow(Videos,"plugin://plugin.video.catchuptvandmore/resources/lib/main/generic_menu/?_pickle_=80027d71012858070000006974656d5f69647102580900000066725f7265706c6179710355075f7469746c655f710458060000004672616e63655808000000786d6c74765f696471054e752e",return)</action>
	</shortcut>
	<shortcut>
		<defaultID />
		<label>Channel Stream</label>
		<label2>Extensions Vidéo</label2>
		<icon>DefaultShortcut.png</icon>
		<thumb>special://skin/extras/icons/bookmark.png</thumb>
		<action>ActivateWindow(Videos,"plugin://plugin.video.vstream/?site=channelstream&amp;function=load&amp;title=Channel+Stream&amp;siteUrl=http%3A%2F%2Fvenom&amp;sFav=load",return)</action>
	</shortcut>
	<shortcut>
		<defaultID />
		<label>Streamonsport</label>
		<label2>Extensions Vidéo</label2>
		<icon>DefaultShortcut.png</icon>
		<thumb>special://skin/extras/icons/lazytv.png</thumb>
		<action>ActivateWindow(Videos,"plugin://plugin.video.vstream/?site=streamonsport&amp;function=load&amp;title=Streamonsport&amp;siteUrl=http%3A%2F%2Fvenom&amp;sFav=load",return)</action>
	</shortcut>
	<shortcut>
		<defaultID />
		<label>Replay Sports</label>
		<label2>Extensions Vidéo</label2>
		<icon>DefaultShortcut.png</icon>
		<thumb>special://skin/extras/icons/nhl.png</thumb>
		<action>ActivateWindow(Videos,"plugin://plugin.video.vstream/?site=pastebin&amp;function=showMenu&amp;title=sports&amp;pasteID=17",return)</action>
	</shortcut>
</shortcuts>
