<?xml version='1.0' encoding='UTF-8'?>
<shortcuts>
	<shortcut>
		<defaultID />
		<label>[COLOR turquoise]Bouquet[/COLOR] - [COLOR white]Cinéma[/COLOR]</label>
		<label2>Extensions Vidéo</label2>
		<icon>DefaultShortcut.png</icon>
		<thumb>image://https%3a%2f%2fd18lkz4dllo6v2.cloudfront.net%2fcumulus_uploads%2fentry%2f2019-08-21%2fj.jpg%3fw%3d660/</thumb>
		<action>ActivateWindow(Videos,"plugin://plugin.video.live.streamspro/?url=plugin%3A%2F%2Fplugin.video.boxozone%2F%3Ffanart%26mode%3D1%26name%3D%255bCOLOR%2520turquoise%255dBouquet%255b%252fCOLOR%255d%2520-%2520%255bCOLOR%2520white%255dCinema%255b%252fCOLOR%255d%26url%3Dhttps%253a%252f%252ffrtele.eu%252f1-TV-LIVE-2020-WXC2%252f3-CinemaTV.xml%257cUser-Agent%253dMozilla%252f5.0%2520%28Windows%2520NT%25206.1%253b%2520WOW64%29%2520AppleWebKit%252f537.36%2520%28KHTML%252c%2520like%2520Gecko%29%2520Chrome%252f52.0.21ll14.ll6%2520Safari%252f537.36&amp;mode=53&amp;name=%5BCOLOR+turquoise%5DBouquet%5B%2FCOLOR%5D+-+%5BCOLOR+white%5DCin%C3%A9ma%5B%2FCOLOR%5D&amp;fanart=https%3A%2F%2Fwww.controcampus.it%2Fwp-content%2Fuploads%2F2015%2F02%2FAnonymous.jpg",return)</action>
	</shortcut>
</shortcuts>
