<?xml version='1.0' encoding='UTF-8'?>
<shortcuts>
	<shortcut>
		<defaultID />
		<label>TMDB Movies</label>
		<label2>Custom item</label2>
		<icon>DefaultShortcut.png</icon>
		<thumb />
		<action>DefaultSearch-TMDBMovies</action>
	</shortcut>
	<shortcut>
		<defaultID />
		<label>TMDB TV Shows</label>
		<label2>Custom item</label2>
		<icon>DefaultShortcut.png</icon>
		<thumb />
		<action>DefaultSearch-TMDBShows</action>
	</shortcut>
	<shortcut>
		<defaultID />
		<label>Seren Movies</label>
		<label2>Custom item</label2>
		<icon>DefaultShortcut.png</icon>
		<thumb />
		<action>ActivateWindow(Videos,"plugin://plugin.video.seren/?action=moviesSearchResults&amp;actionArgs=",return)</action>
	</shortcut>
	<shortcut>
		<defaultID />
		<label>Seren TV Shows</label>
		<label2>Custom item</label2>
		<icon>DefaultShortcut.png</icon>
		<thumb />
		<action>ActivateWindow(Videos,"plugin://plugin.video.seren/?action=showsSearchResults&amp;actionArgs=",return)</action>
	</shortcut>
	<shortcut>
		<defaultID />
		<label>Library Movies</label>
		<label2>Custom item</label2>
		<icon>DefaultShortcut.png</icon>
		<thumb />
		<action>DefaultSearch-Movies</action>
	</shortcut>
	<shortcut>
		<defaultID>librarytvshows</defaultID>
		<label>Library Tv Shows</label>
		<label2>Prédéfini</label2>
		<icon>special://skin/extras/icons/tv.png</icon>
		<thumb />
		<action>DefaultSearch-TvShows</action>
	</shortcut>
	<shortcut>
		<defaultID>libraryepisodes</defaultID>
		<label>Library Episodes</label>
		<label2>Prédéfini</label2>
		<icon>special://skin/extras/icons/tv.png</icon>
		<thumb />
		<action>DefaultSearch-Episodes</action>
	</shortcut>
	<shortcut>
		<defaultID>librarygenres</defaultID>
		<label>Library Genres</label>
		<label2>Prédéfini</label2>
		<icon>special://skin/extras/icons/genres.png</icon>
		<thumb />
		<action>DefaultSearch-Genres</action>
	</shortcut>
	<shortcut>
		<defaultID>libraryyear</defaultID>
		<label>Library Year</label>
		<label2>Prédéfini</label2>
		<icon>special://skin/extras/icons/years.png</icon>
		<thumb />
		<action>DefaultSearch-Year</action>
	</shortcut>
	<shortcut>
		<defaultID>librarystudio</defaultID>
		<label>Library Studio</label>
		<label2>Prédéfini</label2>
		<icon>special://skin/extras/icons/studio.png</icon>
		<thumb />
		<action>DefaultSearch-Studio</action>
	</shortcut>
	<shortcut>
		<defaultID>librarycountry</defaultID>
		<label>Library Country</label>
		<label2>Prédéfini</label2>
		<icon>special://skin/extras/icons/country.png</icon>
		<thumb />
		<action>DefaultSearch-Country</action>
	</shortcut>
	<shortcut>
		<defaultID>libraryactor</defaultID>
		<label>Library Actor</label>
		<label2>Prédéfini</label2>
		<icon>special://skin/extras/icons/person.png</icon>
		<thumb />
		<action>DefaultSearch-Actor</action>
	</shortcut>
	<shortcut>
		<defaultID>director</defaultID>
		<label>Director</label>
		<label2>Prédéfini</label2>
		<icon>special://skin/extras/icons/person.png</icon>
		<thumb />
		<action>DefaultSearch-Director</action>
	</shortcut>
	<shortcut>
		<defaultID>albums</defaultID>
		<label>Albums</label>
		<label2>Prédéfini</label2>
		<icon>special://skin/extras/icons/songs.png</icon>
		<thumb />
		<action>DefaultSearch-Albums</action>
	</shortcut>
	<shortcut>
		<defaultID>artists</defaultID>
		<label>Artists</label>
		<label2>Prédéfini</label2>
		<icon>special://skin/extras/icons/songs.png</icon>
		<thumb />
		<action>DefaultSearch-Artists</action>
	</shortcut>
	<shortcut>
		<defaultID>musicvideos</defaultID>
		<label>Music Videos</label>
		<label2>Prédéfini</label2>
		<icon>special://skin/extras/icons/musicvideo.png</icon>
		<thumb />
		<action>DefaultSearch-MusicVideos</action>
	</shortcut>
	<shortcut>
		<defaultID>musicvideoartists</defaultID>
		<label>Music Video Artists</label>
		<label2>Prédéfini</label2>
		<icon>special://skin/extras/icons/musicvideo.png</icon>
		<thumb />
		<action>DefaultSearch-MusicVideoArtists</action>
	</shortcut>
	<shortcut>
		<defaultID>add-ons</defaultID>
		<label>Add-ons</label>
		<label2>Prédéfini</label2>
		<icon>special://skin/extras/icons/addons.png</icon>
		<thumb />
		<action>DefaultSearch-Addons</action>
	</shortcut>
	<shortcut>
		<defaultID>youtube</defaultID>
		<label>Youtube</label>
		<label2>Prédéfini</label2>
		<icon>special://skin/extras/icons/youtube.png</icon>
		<thumb />
		<action>DefaultSearch-Youtube</action>
	</shortcut>
	<shortcut>
		<defaultID>wonderfulsubs</defaultID>
		<label>WonderfulSubs</label>
		<label2>Prédéfini</label2>
		<icon>DefaultShortcut.png</icon>
		<thumb />
		<action>DefaultSearch-WonderfulSubs</action>
	</shortcut>
</shortcuts>
