<?xml version='1.0' encoding='UTF-8'?>
<shortcuts>
	<shortcut>
		<defaultID />
		<label>Généralistes</label>
		<label2>Extensions Vidéo</label2>
		<icon>DefaultShortcut.png</icon>
		<thumb>image://special%3a%2f%2fhome%2faddons%2fplugin.video.vstream%2fresources%2fart%2ftv.png/</thumb>
		<action>ActivateWindow(Videos,"plugin://plugin.video.vstream/?site=channelstream&amp;function=showMovies&amp;title=G%C3%A9n%C3%A9ralistes&amp;sFiltre=Cha%C3%AEne+de+t%C3%A9l%C3%A9vision+g%C3%A9n%C3%A9raliste&amp;siteUrl=https%3A%2F%2Fchannelstream.me%2Fchaine-tv.php&amp;sFav=showMovies",return)</action>
	</shortcut>
	<shortcut>
		<defaultID />
		<label>Cinéma</label>
		<label2>Extensions Vidéo</label2>
		<icon>DefaultShortcut.png</icon>
		<thumb>image://special%3a%2f%2fhome%2faddons%2fplugin.video.vstream%2fresources%2fart%2ffilms.png/</thumb>
		<action>ActivateWindow(Videos,"plugin://plugin.video.vstream/?site=channelstream&amp;function=showMovies&amp;title=Cin%C3%A9ma&amp;sFiltre=Cha%C3%AEne+consacr%C3%A9e+aux+Film&amp;siteUrl=https%3A%2F%2Fchannelstream.me%2Fchaine-tv.php&amp;sFav=showMovies",return)</action>
	</shortcut>
	<shortcut>
		<defaultID />
		<label>Sport</label>
		<label2>Extensions Vidéo</label2>
		<icon>DefaultShortcut.png</icon>
		<thumb>image://special%3a%2f%2fhome%2faddons%2fplugin.video.vstream%2fresources%2fart%2fsport.png/</thumb>
		<action>ActivateWindow(Videos,"plugin://plugin.video.vstream/?site=channelstream&amp;function=showMovies&amp;title=Sport&amp;sFiltre=Cha%C3%AEne+Sportive&amp;siteUrl=https%3A%2F%2Fchannelstream.me%2Fchaine-tv.php&amp;sFav=showMovies",return)</action>
	</shortcut>
	<shortcut>
		<defaultID />
		<label>Science et Nature</label>
		<label2>Extensions Vidéo</label2>
		<icon>DefaultShortcut.png</icon>
		<thumb>image://special%3a%2f%2fhome%2faddons%2fplugin.video.vstream%2fresources%2fart%2fbuzz.png/</thumb>
		<action>ActivateWindow(Videos,"plugin://plugin.video.vstream/?site=channelstream&amp;function=showMovies&amp;title=Science+et+Nature&amp;sFiltre=Cha%C3%AEne+ax%C3%A9s+sur+les+sciences&amp;siteUrl=https%3A%2F%2Fchannelstream.me%2Fchaine-tv.php&amp;sFav=showMovies",return)</action>
	</shortcut>
</shortcuts>
