<?xml version='1.0' encoding='UTF-8'?>
<shortcuts>
	<shortcut>
		<defaultID />
		<label>[COLOR yellow]TÉLÉVISION [/COLOR] Tortue</label>
		<label2>Extensions Vidéo</label2>
		<icon>DefaultShortcut.png</icon>
		<thumb>special://skin/extras/icons/lazytv.png</thumb>
		<action>ActivateWindow(Videos,"plugin://plugin.video.live.streamspro/?url=https%3A%2F%2Fpastebin.com%2Fraw%2F5bCKhDfn&amp;mode=1&amp;name=%5BCOLOR+yellow%5DT%C3%89L%C3%89VISION+%5B%2FCOLOR%5D&amp;fanart=https%3A%2F%2Fwww.controcampus.it%2Fwp-content%2Fuploads%2F2015%2F02%2FAnonymous.jpg",return)</action>
	</shortcut>
	<shortcut>
		<defaultID />
		<label> Tnt France</label>
		<label2>Extensions Vidéo</label2>
		<icon>DefaultShortcut.png</icon>
		<thumb>special://skin/extras/icons/lazytv.png</thumb>
		<action>ActivateWindow(Videos,"plugin://plugin.video.catchuptvandmore/resources/lib/main/tv_guide_menu/?_pickle_=80027d71012858070000006974656d5f69647102580700000066725f6c697665710355075f7469746c655f710458060000004672616e63655808000000786d6c74765f696471054e752e",return)</action>
	</shortcut>
	<shortcut>
		<defaultID />
		<label>Replay</label>
		<label2>Extensions Vidéo</label2>
		<icon>DefaultShortcut.png</icon>
		<thumb>special://skin/extras/icons/livetv.png</thumb>
		<action>ActivateWindow(Videos,"plugin://plugin.video.catchuptvandmore/resources/lib/main/generic_menu/?_pickle_=80027d71012858070000006974656d5f69647102580900000066725f7265706c6179710355075f7469746c655f710458060000004672616e63655808000000786d6c74765f696471054e752e",return)</action>
	</shortcut>
	<shortcut>
		<defaultID />
		<label>AMAZON PRIME LIGUE 1</label>
		<label2>Extensions Vidéo</label2>
		<icon>DefaultShortcut.png</icon>
		<thumb>image://https%3a%2f%2fahp.li%2fe20301198110b8309d95.png/</thumb>
		<action>ActivateWindow(Videos,"plugin://plugin.video.live.streamspro/?url=https%3A%2F%2Ffrtele.eu%2F2-TV-LIVE-2020-WXC2%2FSource-TVCc25Ml8%2FSPORTS%2FAMAZON-LIGUE-PRIME.xml%7CUser-Agent%3DChrome%2F52.0.621l7.ll6%2FSafari%2F537.36&amp;mode=1&amp;name=%5BCOLOR+white%5DAMAZON+PRIME+LIGUE+1%5B%2FCOLOR%5D+-+%5BCOLOR+gold%5DNOUVEAUTER%5B%2FCOLOR%5D&amp;fanart=https%3A%2F%2Fwww.itespresso.fr%2Fwp-content%2Fuploads%2F2016%2F02%2Fanonymous-anssi-1280x720.jpg",return)</action>
	</shortcut>
	<shortcut>
		<defaultID />
		<label>Sports [COLOR lightskyblue](En direct)[/COLOR] ça dépanne</label>
		<label2>Extensions Vidéo</label2>
		<icon>DefaultShortcut.png</icon>
		<thumb>special://skin/extras/icons/football.png</thumb>
		<action>ActivateWindow(Videos,"plugin://plugin.video.vstream/?site=streamonsport&amp;function=showMovies&amp;title=Sports+%28En+direct%29&amp;siteUrl=https%3A%2F%2Fwww.streamonsport.info%2F&amp;sFav=showMovies",return)</action>
	</shortcut>
	<shortcut>
		<defaultID />
		<label>Channel Stream</label>
		<label2>Extensions Vidéo</label2>
		<icon>DefaultShortcut.png</icon>
		<thumb>special://skin/extras/icons/bookmark.png</thumb>
		<action>ActivateWindow(Videos,"plugin://plugin.video.vstream/?site=channelstream&amp;function=load&amp;title=Channel+Stream&amp;siteUrl=http%3A%2F%2Fvenom&amp;sFav=load",return)</action>
	</shortcut>
	<shortcut>
		<defaultID />
		<label>Streamonsport</label>
		<label2>Extensions Vidéo</label2>
		<icon>DefaultShortcut.png</icon>
		<thumb>special://skin/extras/icons/lazytv.png</thumb>
		<action>ActivateWindow(Videos,"plugin://plugin.video.vstream/?site=streamonsport&amp;function=load&amp;title=Streamonsport&amp;siteUrl=http%3A%2F%2Fvenom&amp;sFav=load",return)</action>
	</shortcut>
	<shortcut>
		<defaultID />
		<label>Replay Sports</label>
		<label2>Extensions Vidéo</label2>
		<icon>DefaultShortcut.png</icon>
		<thumb>special://skin/extras/icons/nhl.png</thumb>
		<action>ActivateWindow(Videos,"plugin://plugin.video.vstream/?site=pastebin&amp;function=showMenu&amp;title=sports&amp;pasteID=17",return)</action>
	</shortcut>
</shortcuts>
