<shortcuts>
	<shortcut>
		<defaultID />
		<label>Film du jour</label>
		<label2>Extensions Vidéo</label2>
		<icon>DefaultShortcut.png</icon>
		<thumb>thumb</thumb>
		<action>ActivateWindow(Videos,"plugin://plugin.video.themoviedb.helper/?tmdb_type=movie&amp;list_name=Films+Collection&amp;widget=true&amp;tmdb_id=None&amp;info=trakt_collection&amp;sort_by=rank&amp;sort_how=asc",return)</action>
		</shortcut>
	<shortcut>
		<defaultID />
		<label>Films Nouveautés</label>
		<label2>Extensions Vidéo</label2>
		<icon>DefaultShortcut.png</icon>
		<thumb>image://special%3a%2f%2fhome%2faddons%2fplugin.video.vstream%2fresources%2fart%2fgenres.png/</thumb>
		<action>ActivateWindow(Videos,"plugin://plugin.video.vstream/?site=cTrakt&amp;function=getTrakt&amp;title=Films+Nouveaut%C3%A9s+&amp;siteUrl=https%3A%2F%2Fapi.trakt.tv%2Fusers%2Fme%2Flists%2Ffilms-nouveautes%2Fitems&amp;sFav=getTrakt",return)</action>
		</shortcut>
	<shortcut>
		<defaultID />
		<label>Box-office </label>
		<label2>Extensions Vidéo</label2>
		<icon>DefaultShortcut.png</icon>
		<thumb>image://special%3a%2f%2fhome%2faddons%2fplugin.video.vstream%2fresources%2fart%2fgenres.png/</thumb>
		<action>ActivateWindow(Videos,"plugin://plugin.video.vstream/?site=cTrakt&amp;function=getTrakt&amp;title=Box-office+&amp;siteUrl=https%3A%2F%2Fapi.trakt.tv%2Fusers%2Fme%2Flists%2Fbox-office%2Fitems&amp;sFav=getTrakt",return)</action>
		</shortcut>
	<shortcut>
		<defaultID />
		<label>Films populaires</label>
		<label2>Elément personnalisé</label2>
		<icon>DefaultShortcut.png</icon>
		<thumb>image://special%3a%2f%2fhome%2faddons%2fplugin.video.vstream%2fresources%2fart%2fgenres.png/</thumb>
		<action>ActivateWindow(Videos,"plugin://plugin.video.vstream/?site=pastebin&amp;function=showTMDB&amp;title=Films+&amp;siteUrl=movie%2Fpopular&amp;sFav=showTMDB",return)</action>
		</shortcut>
	<shortcut>
		<defaultID />
		<label>Mes recommandations</label>
		<label2>Extensions Vidéo</label2>
		<icon>DefaultShortcut.png</icon>
		<thumb>image://special%3a%2f%2fhome%2faddons%2fplugin.video.vstream%2fresources%2fart%2fgenres.png/</thumb>
		<action>ActivateWindow(Videos,"plugin://plugin.video.vstream/?site=cTrakt&amp;function=getTrakt&amp;title=Mes+recommandations+Films+&amp;siteUrl=https%3A%2F%2Fapi.trakt.tv%2Fusers%2Fme%2Flists%2Fmes-recommandations-films%2Fitems&amp;sFav=getTrakt",return)</action>
		</shortcut>
	</shortcuts>
