<shortcuts>
	<shortcut>
		<defaultID />
		<label>Film du jour</label>
		<label2>Extensions Vidéo</label2>
		<icon>DefaultShortcut.png</icon>
		<thumb>thumb</thumb>
		<action>ActivateWindow(Videos,"plugin://plugin.video.themoviedb.helper/?tmdb_type=movie&amp;list_name=Films+Collection&amp;widget=true&amp;tmdb_id=None&amp;info=trakt_collection&amp;sort_by=rank&amp;sort_how=asc",return)</action>
		</shortcut>
	<shortcut>
		<defaultID />
		<label>vStream - En cours de visionnage</label>
		<label2>Extensions Vidéo</label2>
		<icon>DefaultShortcut.png</icon>
		<thumb>image://special%3a%2f%2fhome%2faddons%2fplugin.video.vstream%2fresources%2fart%2freplay.png/</thumb>
		<action>ActivateWindow(Videos,"plugin://plugin.video.vstream/?site=cViewing&amp;function=getViewing&amp;title=En+cours+de+visionnage&amp;siteUrl=http%3A%2F%2Fvenom&amp;sFav=getViewing",return)</action>
		</shortcut>
	<shortcut>
		<defaultID />
		<label>U2pPlay - Films en cours de visionnage</label>
		<label2>Extensions Vidéo</label2>
		<icon>DefaultShortcut.png</icon>
		<thumb>image://special%3a%2f%2fhome%2faddons%2fplugin.video.sendtokodiU2P%2fresources%2fpng%2fMon%20historique.png/</thumb>
		<action>ActivateWindow(Videos,"plugin://plugin.video.sendtokodiU2P/?action=MenuFilm&amp;famille=Mon+historique",return)</action>
		</shortcut>
	<shortcut>
		<defaultID />
		<label>U2pPlay - Séries en cours de visionnage</label>
		<label2>Extensions Vidéo</label2>
		<icon>DefaultShortcut.png</icon>
		<thumb>image://special%3a%2f%2fhome%2faddons%2fplugin.video.sendtokodiU2P%2fresources%2fpng%2fMon%20historique.png/</thumb>
		<action>ActivateWindow(Videos,"plugin://plugin.video.sendtokodiU2P/?action=MenuSerie&amp;famille=Mon+historique",return)</action>
		</shortcut>
	<shortcut>
		<defaultID />
		<label>U2pPlay - Films a voir</label>
		<label2>Extensions Vidéo</label2>
		<icon>DefaultShortcut.png</icon>
		<thumb>image://special%3a%2f%2fhome%2faddons%2fplugin.video.sendtokodiU2P%2fresources%2fpng%2fliste.png/</thumb>
		<action>ActivateWindow(Videos,"plugin://plugin.video.sendtokodiU2P/?action=MenuFilm&amp;famille=Mes+favoris+HK",return)</action>
		</shortcut>
	<shortcut>
		<defaultID />
		<label>U2pPlay - Séries a voir</label>
		<label2>Extensions Vidéo</label2>
		<icon>DefaultShortcut.png</icon>
		<thumb>image://special%3a%2f%2fhome%2faddons%2fplugin.video.sendtokodiU2P%2fresources%2fpng%2fliste.png/</thumb>
		<action>ActivateWindow(Videos,"plugin://plugin.video.sendtokodiU2P/?action=MenuSerie&amp;famille=Mes+favoris+HK",return)</action>
		</shortcut>
	<shortcut>
		<defaultID />
		<label>Films - Nouveautés</label>
		<label2>Extensions Vidéo</label2>
		<icon>DefaultShortcut.png</icon>
		<thumb>image://special%3a%2f%2fhome%2faddons%2fplugin.video.vstream%2fresources%2fart%2fgenres.png/</thumb>
		<action>ActivateWindow(Videos,"plugin://plugin.video.vstream/?site=cTrakt&amp;function=getTrakt&amp;title=Films+Nouveaut%C3%A9s+&amp;siteUrl=https%3A%2F%2Fapi.trakt.tv%2Fusers%2Fme%2Flists%2Ffilms-nouveautes%2Fitems&amp;sFav=getTrakt",return)</action>
		</shortcut>
	<shortcut>
		<defaultID />
		<label>Films - Box-office </label>
		<label2>Extensions Vidéo</label2>
		<icon>DefaultShortcut.png</icon>
		<thumb>image://special%3a%2f%2fhome%2faddons%2fplugin.video.vstream%2fresources%2fart%2fgenres.png/</thumb>
		<action>ActivateWindow(Videos,"plugin://plugin.video.vstream/?site=cTrakt&amp;function=getTrakt&amp;title=Box-office+&amp;siteUrl=https%3A%2F%2Fapi.trakt.tv%2Fusers%2Fme%2Flists%2Fbox-office%2Fitems&amp;sFav=getTrakt",return)</action>
		</shortcut>
	<shortcut>
		<defaultID />
		<label>Films - Populaires</label>
		<label2>Elément personnalisé</label2>
		<icon>DefaultShortcut.png</icon>
		<thumb>image://special%3a%2f%2fhome%2faddons%2fplugin.video.vstream%2fresources%2fart%2fgenres.png/</thumb>
		<action>ActivateWindow(Videos,"plugin://plugin.video.vstream/?site=pastebin&amp;function=showTMDB&amp;title=Films+&amp;siteUrl=movie%2Fpopular&amp;sFav=showTMDB",return)</action>
		</shortcut>
	<shortcut>
		<defaultID />
		<label>Films - Mes recommandations</label>
		<label2>Extensions Vidéo</label2>
		<icon>DefaultShortcut.png</icon>
		<thumb>image://special%3a%2f%2fhome%2faddons%2fplugin.video.vstream%2fresources%2fart%2fgenres.png/</thumb>
		<action>ActivateWindow(Videos,"plugin://plugin.video.vstream/?site=cTrakt&amp;function=getTrakt&amp;title=Mes+recommandations+Films+&amp;siteUrl=https%3A%2F%2Fapi.trakt.tv%2Fusers%2Fme%2Flists%2Fmes-recommandations-films%2Fitems&amp;sFav=getTrakt",return)</action>
		</shortcut>
	</shortcuts>
