<shortcuts>
	<shortcut>
		<defaultID />
		<label>Visionnages en cours[CR]Trier par: Rang</label>
		<label2>Extensions Vidéo</label2>
		<icon>DefaultShortcut.png</icon>
		<thumb>thumb</thumb>
		<action>ActivateWindow(Videos,"plugin://plugin.video.themoviedb.helper/?tmdb_type=movie&amp;list_name=Visionnages+en+cours&amp;widget=true&amp;tmdb_id=None&amp;info=trakt_inprogress&amp;sort_by=rank&amp;sort_how=asc",return)</action>
		</shortcut>
	<shortcut>
		<defaultID />
		<label>Nouveautés films[CR]Trier par: Ajouté</label>
		<label2>Extensions Vidéo</label2>
		<icon>DefaultShortcut.png</icon>
		<thumb>thumb</thumb>
		<action>ActivateWindow(Videos,"plugin://plugin.video.themoviedb.helper/?list_name=Nouveaut%C3%A9s+films&amp;list_slug=nouveautes-films&amp;user_slug=emi19642&amp;plugin_category=Nouveaut%C3%A9s+films&amp;widget=true&amp;tmdb_id=None&amp;info=trakt_userlist&amp;sort_by=added&amp;sort_how=desc",return)</action>
		</shortcut>
	<shortcut>
		<defaultID />
		<label>Films en vogue[CR]Trier par: Rang</label>
		<label2>Extensions Vidéo</label2>
		<icon>DefaultShortcut.png</icon>
		<thumb>thumb</thumb>
		<action>ActivateWindow(Videos,"plugin://plugin.video.themoviedb.helper/?list_name=Films+en+vogue&amp;list_slug=films-en-vogue&amp;user_slug=alkodique&amp;plugin_category=Films+en+vogue&amp;widget=true&amp;tmdb_id=None&amp;info=trakt_userlist&amp;sort_by=rank&amp;sort_how=asc",return)</action>
		</shortcut>
	<shortcut>
		<defaultID />
		<label>Popular Films</label>
		<label2>Extensions Vidéo</label2>
		<icon>DefaultShortcut.png</icon>
		<thumb>image://D%3a%5cessais%202%20kodi%20auramod%5cKodi%5cportable_data%5caddons%5cplugin.video.themoviedb.helper%5c%2fresources%2ficons%2ftrakt%2fpopular.png/</thumb>
		<action>ActivateWindow(Videos,"plugin://plugin.video.themoviedb.helper/?info=trakt_popular&amp;tmdb_type=movie&amp;widget=true",return)</action>
		</shortcut>
	<shortcut>
		<defaultID />
		<label>Most Played Films</label>
		<label2>Extensions Vidéo</label2>
		<icon>DefaultShortcut.png</icon>
		<thumb>image://D%3a%5cessais%202%20kodi%20auramod%5cKodi%5cportable_data%5caddons%5cplugin.video.themoviedb.helper%5c%2fresources%2ficons%2ftrakt%2fmostplayed.png/</thumb>
		<action>ActivateWindow(Videos,"plugin://plugin.video.themoviedb.helper/?info=trakt_mostplayed&amp;tmdb_type=movie&amp;widget=true",return)</action>
		</shortcut>
	<shortcut>
		<defaultID />
		<label>Popular Streaming[CR]Trier par: Rang</label>
		<label2>Extensions Vidéo</label2>
		<icon>DefaultShortcut.png</icon>
		<thumb>thumb</thumb>
		<action>ActivateWindow(Videos,"plugin://plugin.video.themoviedb.helper/?list_name=Popular+Streaming&amp;list_slug=popular-streaming&amp;user_slug=cm00re&amp;plugin_category=Popular+Streaming&amp;widget=true&amp;tmdb_id=None&amp;info=trakt_userlist&amp;sort_by=rank&amp;sort_how=asc",return)</action>
		</shortcut>
	</shortcuts>
