<shortcuts>
	<shortcut>
		<defaultID />
		<label>Listes de tendances</label>
		<label2>Extensions Vidéo</label2>
		<icon>DefaultShortcut.png</icon>
		<thumb>special://skin/extras/icons/years.png</thumb>
		<action>ActivateWindow(Videos,"plugin://plugin.video.themoviedb.helper/?info=trakt_trendinglists&amp;tmdb_type=both&amp;widget=true",return)</action>
		</shortcut>
	<shortcut>
		<defaultID />
		<label>Listes populaires</label>
		<label2>Extensions Vidéo</label2>
		<icon>DefaultShortcut.png</icon>
		<thumb>special://skin/extras/icons/years.png</thumb>
		<action>ActivateWindow(Videos,"plugin://plugin.video.themoviedb.helper/?info=trakt_popularlists&amp;tmdb_type=both&amp;widget=true",return)</action>
		</shortcut>
	<shortcut>
		<defaultID />
		<label>Vos listes</label>
		<label2>Extensions Vidéo</label2>
		<icon>DefaultShortcut.png</icon>
		<thumb>special://skin/extras/icons/years.png</thumb>
		<action>ActivateWindow(Videos,"plugin://plugin.video.themoviedb.helper/?info=trakt_mylists&amp;tmdb_type=both&amp;widget=true",return)</action>
		</shortcut>
	<shortcut>
		<defaultID />
		<label>Listes aimées</label>
		<label2>Extensions Vidéo</label2>
		<icon>DefaultShortcut.png</icon>
		<thumb>special://skin/extras/icons/years.png</thumb>
		<action>ActivateWindow(Videos,"plugin://plugin.video.themoviedb.helper/?info=trakt_likedlists&amp;tmdb_type=both&amp;widget=true",return)</action>
		</shortcut>
	<shortcut>
		<defaultID />
		<label>Diffuseurs</label>
		<label2>Extensions Vidéo</label2>
		<icon>DefaultShortcut.png</icon>
		<thumb>special://skin/extras/icons/amazon.png</thumb>
		<action>ActivateWindow(Videos,"plugin://plugin.video.themoviedb.helper/?info=watch_providers&amp;tmdb_type=movie&amp;widget=true",return)</action>
		</shortcut>
	<shortcut>
		<defaultID />
		<label>Saga</label>
		<label2>Extensions Vidéo</label2>
		<icon>DefaultShortcut.png</icon>
		<thumb>special://skin/extras/icons/videoplay.png</thumb>
		<action>ActivateWindow(Videos,"plugin://plugin.video.themoviedb.helper/?info=all_items&amp;tmdb_type=collection&amp;widget=true",return)</action>
		</shortcut>
	</shortcuts>
