<shortcuts>
	<shortcut>
		<defaultID />
		<label>Nouveautés</label>
		<label2>Extensions Vidéo</label2>
		<icon>DefaultShortcut.png</icon>
		<thumb>thumb</thumb>
		<action>ActivateWindow(Videos,"plugin://plugin.video.themoviedb.helper/?info=discover&amp;tmdb_type=movie&amp;with_genres=16&amp;with_id=True&amp;widget=true",return)</action>
		</shortcut>
	<shortcut>
		<defaultID />
		<label>Pixar</label>
		<label2>Extensions Vidéo</label2>
		<icon>DefaultShortcut.png</icon>
		<thumb>thumb</thumb>
		<action>ActivateWindow(Videos,"plugin://plugin.video.themoviedb.helper/?list_name=Pixar&amp;list_slug=pixar&amp;user_slug=asmobarki&amp;plugin_category=Pixar&amp;widget=true&amp;tmdb_id=None&amp;info=trakt_userlist&amp;sort_by=rank&amp;sort_how=asc",return)</action>
		</shortcut>
	<shortcut>
		<defaultID />
		<label>DreamWorks</label>
		<label2>Extensions Vidéo</label2>
		<icon>DefaultShortcut.png</icon>
		<thumb>thumb</thumb>
		<action>ActivateWindow(Videos,"plugin://plugin.video.themoviedb.helper/?list_name=DreamWorks&amp;list_slug=dreamworks&amp;user_slug=asmobarki&amp;plugin_category=DreamWorks&amp;widget=true&amp;tmdb_id=None&amp;info=trakt_userlist&amp;sort_by=rank&amp;sort_how=asc",return)</action>
		</shortcut>
	<shortcut>
		<defaultID />
		<label>Disney</label>
		<label2>Extensions Vidéo</label2>
		<icon>DefaultShortcut.png</icon>
		<thumb>thumb</thumb>
		<action>ActivateWindow(Videos,"plugin://plugin.video.themoviedb.helper/?list_name=Disney&amp;list_slug=disney&amp;user_slug=themoodymuck&amp;plugin_category=Disney&amp;widget=true&amp;tmdb_id=None&amp;info=trakt_userlist&amp;sort_by=rank&amp;sort_how=asc",return)</action>
		</shortcut>
	</shortcuts>
