<shortcuts>
	<shortcut>
		<defaultID />
		<label>Séries en diffusion </label>
		<label2>Extensions Vidéo</label2>
		<icon>DefaultShortcut.png</icon>
		<thumb>image://special%3a%2f%2fhome%2faddons%2fplugin.video.vstream%2fresources%2fart%2fgenres.png/</thumb>
		<action>ActivateWindow(Videos,"plugin://plugin.video.vstream/?site=cTrakt&amp;function=getTrakt&amp;title=S%C3%A9ries+en+diffusion+&amp;siteUrl=https%3A%2F%2Fapi.trakt.tv%2Fusers%2Falkodique%2Flists%2Fseries-en-diffusion-vf-ou-multi%2Fitems&amp;sFav=getTrakt",return)</action>
		</shortcut>
	<shortcut>
		<defaultID />
		<label>Mes recommandations Séries</label>
		<label2>Extensions Vidéo</label2>
		<icon>DefaultShortcut.png</icon>
		<thumb>thumb</thumb>
		<action>ActivateWindow(Videos,"plugin://plugin.video.themoviedb.helper/?list_name=Mes+recommandations+S%C3%A9ries&amp;list_slug=mes-recommandations-series&amp;user_slug=tortue83&amp;plugin_category=Mes+recommandations+S%C3%A9ries&amp;owner=true&amp;widget=true&amp;tmdb_id=None&amp;info=trakt_userlist&amp;sort_by=rank&amp;sort_how=asc",return)</action>
		</shortcut>
	<shortcut>
		<defaultID />
		<label>Tendances de la semaine</label>
		<label2>Extensions Vidéo</label2>
		<icon>DefaultShortcut.png</icon>
		<thumb>thumb</thumb>
		<action>ActivateWindow(Videos,"plugin://plugin.video.themoviedb.helper/?info=trending_week&amp;tmdb_type=tv&amp;widget=true",return)</action>
		</shortcut>
	<shortcut>
		<defaultID />
		<label>Populaire</label>
		<label2>Extensions Vidéo</label2>
		<icon>DefaultShortcut.png</icon>
		<thumb>thumb</thumb>
		<action>ActivateWindow(Videos,"plugin://plugin.video.themoviedb.helper/?info=popular&amp;tmdb_type=tv&amp;widget=true",return)</action>
		</shortcut>
	</shortcuts>
