<shortcuts>
	<shortcut>
		<defaultID />
		<label>Genres</label>
		<label2>Extensions Vidéo</label2>
		<icon>DefaultShortcut.png</icon>
		<thumb>special://skin/extras/icons/genre.png</thumb>
		<action>ActivateWindow(Videos,"plugin://plugin.video.themoviedb.helper/?info=genres&amp;tmdb_type=tv&amp;widget=true",return)</action>
		</shortcut>
	<shortcut>
		<defaultID />
		<label>Diffuseurs</label>
		<label2>Extensions Vidéo</label2>
		<icon>DefaultShortcut.png</icon>
		<thumb>special://skin/extras/icons/apple.png</thumb>
		<action>ActivateWindow(Videos,"plugin://plugin.video.themoviedb.helper/?info=watch_providers&amp;tmdb_type=tv&amp;widget=true",return)</action>
		</shortcut>
	</shortcuts>
