<shortcuts>
	<shortcut>
		<defaultID />
		<label>Past Anonymous (juste mes past pour + de rapidité)</label>
		<label2>Elément personnalisé</label2>
		<icon>DefaultShortcut.png</icon>
		<thumb>special://skin/extras/icons/download.png</thumb>
		<action>RunScript(special://home/userdata/addon_data/Scripts/past_ray.py)</action>
	</shortcut>
	<shortcut>
		<defaultID />
		<label>Past Master (les principaux contributeurs)</label>
		<label2>Elément personnalisé</label2>
		<icon>DefaultShortcut.png</icon>
		<thumb>special://skin/extras/icons/download.png</thumb>
		<action>RunScript(special://home/userdata/addon_data/Scripts/past_master.py)</action>
	</shortcut>
	<shortcut>
		<defaultID />
		<label>Past all (tous les contributeurs) ATTENTION + long a tout afficher</label>
		<label2>Elément personnalisé</label2>
		<icon>DefaultShortcut.png</icon>
		<thumb>special://skin/extras/icons/download.png</thumb>
		<action>RunScript(special://home/userdata/addon_data/Scripts/past_all.py)</action>
	</shortcut>
</shortcuts>
