<shortcuts>
	<shortcut>
		<defaultID />
		<label>Canal+</label>
		<label2>Extensions Vidéo</label2>
		<icon>DefaultShortcut.png</icon>
		<thumb>image://https%3a%2f%2fthumb.canalplus.pro%2fhttp%2funsafe%2fepg.canal-plus.com%2fmycanal%2fimg%2fCHN43FN%2fPNG%2f213X160%2fCHN43FB_301.PNG/</thumb>
		<action>ActivateWindow(Videos,"plugin://plugin.video.vstream/?site=leet365&amp;function=showLink&amp;title=Canal%2B&amp;siteUrl=5&amp;sMovieTitle=Canal%2B&amp;sThumb=https%3A%2F%2Fthumb.canalplus.pro%2Fhttp%2Funsafe%2Fepg.canal-plus.com%2Fmycanal%2Fimg%2FCHN43FN%2FPNG%2F213X160%2FCHN43FB_301.PNG&amp;sFav=showLink",return)</action>
		</shortcut>
	<shortcut>
		<defaultID />
		<label>Canal+ sport</label>
		<label2>Extensions Vidéo</label2>
		<icon>DefaultShortcut.png</icon>
		<thumb>image://https%3a%2f%2fthumb.canalplus.pro%2fhttp%2funsafe%2fepg.canal-plus.com%2fmycanal%2fimg%2fCHN43FN%2fPNG%2f213X160%2fCHN43FB_177.PNG/</thumb>
		<action>ActivateWindow(Videos,"plugin://plugin.video.vstream/?site=leet365&amp;function=showLink&amp;title=Canal%2B+sport&amp;siteUrl=6&amp;sMovieTitle=Canal%2B+sport&amp;sThumb=https%3A%2F%2Fthumb.canalplus.pro%2Fhttp%2Funsafe%2Fepg.canal-plus.com%2Fmycanal%2Fimg%2FCHN43FN%2FPNG%2F213X160%2FCHN43FB_177.PNG&amp;sFav=showLink",return)</action>
		</shortcut>
	<shortcut>
		<defaultID />
		<label>Canal+ decale</label>
		<label2>Extensions Vidéo</label2>
		<icon>DefaultShortcut.png</icon>
		<thumb>image://https%3a%2f%2fthumb.canalplus.pro%2fhttp%2funsafe%2fepg.canal-plus.com%2fmycanal%2fimg%2fCHN43FN%2fPNG%2f213X160%2fCHN43FB_257.PNG/</thumb>
		<action>ActivateWindow(Videos,"plugin://plugin.video.vstream/?site=leet365&amp;function=showLink&amp;title=Canal%2B+decale&amp;siteUrl=17&amp;sMovieTitle=Canal%2B+decale&amp;sThumb=https%3A%2F%2Fthumb.canalplus.pro%2Fhttp%2Funsafe%2Fepg.canal-plus.com%2Fmycanal%2Fimg%2FCHN43FN%2FPNG%2F213X160%2FCHN43FB_257.PNG&amp;sFav=showLink",return)</action>
		</shortcut>
	<shortcut>
		<defaultID />
		<label>prime video ligue 1</label>
		<label2>Extensions Vidéo</label2>
		<icon>DefaultShortcut.png</icon>
		<thumb>image://https%3a%2f%2fi.imgur.com%2fPvpkxgG.png/</thumb>
		<action>ActivateWindow(Videos,"plugin://plugin.video.vstream/?site=leet365&amp;function=showLink&amp;title=prime+video+ligue+1&amp;siteUrl=21&amp;sMovieTitle=prime+video+ligue+1&amp;sThumb=https%3A%2F%2Fi.imgur.com%2FPvpkxgG.png&amp;sFav=showLink",return)</action>
		</shortcut>
	<shortcut>
		<defaultID />
		<label>bein Sports 1</label>
		<label2>Extensions Vidéo</label2>
		<icon>DefaultShortcut.png</icon>
		<thumb>image://https%3a%2f%2fimages.beinsports.com%2fn43EXNeoR62GvZlWW2SXKuQi0GA%3d%2f788708-HD1.png/</thumb>
		<action>ActivateWindow(Videos,"plugin://plugin.video.vstream/?site=leet365&amp;function=showLink&amp;title=bein+Sports+1&amp;siteUrl=1&amp;sMovieTitle=bein+Sports+1&amp;sThumb=https%3A%2F%2Fimages.beinsports.com%2Fn43EXNeoR62GvZlWW2SXKuQi0GA%3D%2F788708-HD1.png&amp;sFav=showLink",return)</action>
		</shortcut>
	<shortcut>
		<defaultID />
		<label>RMC Sport 1</label>
		<label2>Extensions Vidéo</label2>
		<icon>DefaultShortcut.png</icon>
		<thumb>image://https%3a%2f%2fi0.wp.com%2fwww.planetecsat.com%2fwp-content%2fuploads%2f2018%2f07%2fRMC_SPORT1_PNG_500x500px.png%3fw%3d500%26ssl%3d1/</thumb>
		<action>ActivateWindow(Videos,"plugin://plugin.video.vstream/?site=leet365&amp;function=showLink&amp;title=RMC+Sport+1&amp;siteUrl=4&amp;sMovieTitle=RMC+Sport+1&amp;sThumb=https%3A%2F%2Fi0.wp.com%2Fwww.planetecsat.com%2Fwp-content%2Fuploads%2F2018%2F07%2FRMC_SPORT1_PNG_500x500px.png%3Fw%3D500%26ssl%3D1&amp;sFav=showLink",return)</action>
		</shortcut>
	<shortcut>
		<defaultID />
		<label>RMC Sport 2</label>
		<label2>Extensions Vidéo</label2>
		<icon>DefaultShortcut.png</icon>
		<thumb>image://https%3a%2f%2fi0.wp.com%2fwww.planetecsat.com%2fwp-content%2fuploads%2f2018%2f07%2fRMC_SPORT2_PNG_500x500px.png%3ffit%3d500%252C500%26ssl%3d1/</thumb>
		<action>ActivateWindow(Videos,"plugin://plugin.video.vstream/?site=leet365&amp;function=showLink&amp;title=RMC+Sport+2&amp;siteUrl=9&amp;sMovieTitle=RMC+Sport+2&amp;sThumb=https%3A%2F%2Fi0.wp.com%2Fwww.planetecsat.com%2Fwp-content%2Fuploads%2F2018%2F07%2FRMC_SPORT2_PNG_500x500px.png%3Ffit%3D500%2C500%26ssl%3D1&amp;sFav=showLink",return)</action>
		</shortcut>
	<shortcut>
		<defaultID />
		<label>eurosport 1</label>
		<label2>Extensions Vidéo</label2>
		<icon>DefaultShortcut.png</icon>
		<thumb>image://https%3a%2f%2f2.bp.blogspot.com%2f-qEkUoydNN-E%2fWvMoKma36fI%2fAAAAAAAAG_0%2fov-d571uhZ443Nai7gdU9sSIV2IBOkquQCLcBGAs%2fs1600%2feuropsort-1-HD.jpg/</thumb>
		<action>ActivateWindow(Videos,"plugin://plugin.video.vstream/?site=leet365&amp;function=showLink&amp;title=eurosport+1&amp;siteUrl=7&amp;sMovieTitle=eurosport+1&amp;sThumb=https%3A%2F%2F2.bp.blogspot.com%2F-qEkUoydNN-E%2FWvMoKma36fI%2FAAAAAAAAG_0%2Fov-d571uhZ443Nai7gdU9sSIV2IBOkquQCLcBGAs%2Fs1600%2Feuropsort-1-HD.jpg&amp;sFav=showLink",return)</action>
		</shortcut>
	<shortcut>
		<defaultID />
		<label>eurosport 2</label>
		<label2>Extensions Vidéo</label2>
		<icon>DefaultShortcut.png</icon>
		<thumb>image://https%3a%2f%2f4.bp.blogspot.com%2f-1bHZ8b5ZnW0%2fVzDh6KfzayI%2fAAAAAAAABsI%2flKDWcPmyBSk7etoAj2DVr7nvQ5SsMPwzgCLcB%2fs1600%2ffhuxmcp92wg1w4y9pd2v4zjz3xs1vmjm.jpg/</thumb>
		<action>ActivateWindow(Videos,"plugin://plugin.video.vstream/?site=leet365&amp;function=showLink&amp;title=eurosport+2&amp;siteUrl=8&amp;sMovieTitle=eurosport+2&amp;sThumb=https%3A%2F%2F4.bp.blogspot.com%2F-1bHZ8b5ZnW0%2FVzDh6KfzayI%2FAAAAAAAABsI%2FlKDWcPmyBSk7etoAj2DVr7nvQ5SsMPwzgCLcB%2Fs1600%2Ffhuxmcp92wg1w4y9pd2v4zjz3xs1vmjm.jpg&amp;sFav=showLink",return)</action>
		</shortcut>
	<shortcut>
		<defaultID />
		<label>Ligue 1</label>
		<label2>Extensions Vidéo</label2>
		<icon>DefaultShortcut.png</icon>
		<thumb>image://special%3a%2f%2fhome%2faddons%2fplugin.video.vstream%2fresources%2fart%2fsport.png/</thumb>
		<action>ActivateWindow(Videos,"plugin://plugin.video.vstream/?site=leet365&amp;function=showMovies&amp;title=Ligue+1&amp;siteUrl=genre%3DLigue+1&amp;sMovieTitle=Ligue+1&amp;sDesc=Ligue+1&amp;movieUrl=genre%3DLigue%2B1&amp;movieFunc=showMovies&amp;sFav=showMovies&amp;sCat=5",return)</action>
		</shortcut>
	<shortcut>
		<defaultID />
		<label>Chaines TV Sports</label>
		<label2>Extensions Vidéo</label2>
		<icon>DefaultShortcut.png</icon>
		<thumb>image://special%3a%2f%2fhome%2faddons%2fplugin.video.vstream%2fresources%2fart%2fsport.png/</thumb>
		<action>ActivateWindow(Videos,"plugin://plugin.video.vstream/?site=leet365&amp;function=showTV&amp;title=Chaines+TV+Sports&amp;siteUrl=sport&amp;sFav=showTV",return)</action>
		</shortcut>
	<shortcut>
		<defaultID />
		<label>TNT</label>
		<label2>Elément personnalisé</label2>
		<icon>DefaultShortcut.png</icon>
		<thumb>special://skin/extras/icons/lazytv.png</thumb>
		<action>ActivateWindow(Videos,"plugin://plugin.video.catchuptvandmore/resources/lib/main/tv_guide_menu/?_pickle_=80049538000000000000007d94288c075f7469746c655f948c064672616e6365948c08786d6c74765f6964944e8c076974656d5f6964948c0766725f6c69766594752e",return)</action>
		</shortcut>
	</shortcuts>
