<shortcuts>
	<shortcut>
		<defaultID />
		<label>Skin Light</label>
		<label2>Elément personnalisé</label2>
		<icon>DefaultShortcut.png</icon>
		<thumb>special://skin/extras/icons/download.png</thumb>
		<action>RunScript(special://home/userdata/addon_data/Scripts/light_light.py)</action>
	</shortcut>
	<shortcut>
		<defaultID />
		<label>Skin Kids Light</label>
		<label2>Elément personnalisé</label2>
		<icon>DefaultShortcut.png</icon>
		<thumb>special://skin/extras/icons/download.png</thumb>
		<action>RunScript(special://home/userdata/addon_data/Scripts/light_kids.py)</action>
	</shortcut>
	<shortcut>
		<defaultID />
		<label>Skin Series Light</label>
		<label2>Elément personnalisé</label2>
		<icon>DefaultShortcut.png</icon>
		<thumb>special://skin/extras/icons/download.png</thumb>
		<action>RunScript(special://home/userdata/addon_data/Scripts/light_series.py)</action>
	</shortcut>
	<shortcut>
		<defaultID />
		<label>Skin Films Light</label>
		<label2>Elément personnalisé</label2>
		<icon>DefaultShortcut.png</icon>
		<thumb>special://skin/extras/icons/download.png</thumb>
		<action>RunScript(special://home/userdata/addon_data/Scripts/light_films.py)</action>
	</shortcut>
</shortcuts>
