<shortcuts>
	<shortcut>
		<defaultID />
		<label>Concerts </label>
		<label2>Elément personnalisé</label2>
		<icon>DefaultShortcut.png</icon>
		<thumb>image://special%3a%2f%2fhome%2faddons%2fplugin.video.vstream%2fresources%2fart%2fnews.png/</thumb>
		<action>ActivateWindow(Videos,"plugin://plugin.video.sendtokodiU2P/?action=MenuFilm&amp;famille=%23Concerts",return)</action>
		</shortcut>
	<shortcut>
		<defaultID />
		<label>Séries Docs - Nouveautés</label>
		<label2>Elément personnalisé</label2>
		<icon>DefaultShortcut.png</icon>
		<thumb>image://special%3a%2f%2fhome%2faddons%2fplugin.video.vstream%2fresources%2fart%2fnews.png/</thumb>
		<action>ActivateWindow(Videos,"plugin://plugin.video.sendtokodiU2P/?action=MenuSerie&amp;groupe=Series+Docs",return)</action>
		</shortcut>
	</shortcuts>
