<shortcuts>
	<shortcut>
		<defaultID />
		<label>Recherche </label>
		<label2>Elément personnalisé</label2>
		<icon>DefaultShortcut.png</icon>
		<thumb>special://skin/extras/icons/search.png</thumb>
		<action>ActivateWindow(Videos,"plugin://plugin.video.vstream/?site=pastebin&amp;function=showSearch&amp;title=Recherche+&amp;siteUrl=https%3A%2F%2Fpastebin.com%2Fraw%2F%26numPage%3D1%26sMedia%3Dfilm%26sSearch%3D&amp;sFav=showSearch",return)</action>
		</shortcut>
	<shortcut>
		<defaultID />
		<label>Menu Films Alko</label>
		<label2>Elément personnalisé</label2>
		<icon>DefaultShortcut.png</icon>
		<thumb>special://skin/extras/icons/years.png</thumb>
		<action>ActivateWindow(Videos,"plugin://plugin.video.vstream/?site=pastebin&amp;function=showMenu&amp;title=Alko+films&amp;pasteID=39",return)</action>
		</shortcut>
	<shortcut>
		<defaultID />
		<label>Menu Films Ray</label>
		<label2>Extensions Vidéo</label2>
		<icon>DefaultShortcut.png</icon>
		<thumb>special://skin/extras/icons/years.png</thumb>
		<action>ActivateWindow(Videos,"plugin://plugin.video.vstream/?site=pastebin&amp;function=showMenu&amp;title=Ray+Films&amp;pasteID=1",return)</action>
		</shortcut>
	<shortcut>
		<defaultID />
		<label>Listes Alko</label>
		<label2>Extensions Vidéo</label2>
		<icon>DefaultShortcut.png</icon>
		<thumb>special://skin/extras/icons/years.png</thumb>
		<action>ActivateWindow(Videos,"plugin://plugin.video.vstream/?site=pastebin&amp;function=showGroupes&amp;title=Films+&amp;siteUrl=https%3A%2F%2Fpastebin.com%2Fraw%2F%26numPage%3D1%26sMedia%3Dfilm%26pasteID%3D39&amp;sFav=showGroupes",return)</action>
		</shortcut>
	<shortcut>
		<defaultID />
		<label>Listes Ray</label>
		<label2>Extensions Vidéo</label2>
		<icon>DefaultShortcut.png</icon>
		<thumb>special://skin/extras/icons/years.png</thumb>
		<action>ActivateWindow(Videos,"plugin://plugin.video.vstream/?site=pastebin&amp;function=showGroupes&amp;title=Films+&amp;siteUrl=https%3A%2F%2Fpastebin.com%2Fraw%2F%26numPage%3D1%26sMedia%3Dfilm%26pasteID%3D1&amp;sFav=showGroupes",return)</action>
		</shortcut>
	<shortcut>
		<defaultID />
		<label>Genres</label>
		<label2>Extensions Vidéo</label2>
		<icon>DefaultShortcut.png</icon>
		<thumb>special://skin/extras/icons/genre.png</thumb>
		<action>ActivateWindow(Videos,"plugin://plugin.video.vstream/?site=pastebin&amp;function=showGenreMovieTMDB&amp;title=Films+&amp;siteUrl=genre%2Fmovie%2Flist&amp;sFav=showGenreMovieTMDB",return)</action>
		</shortcut>
	</shortcuts>
