<shortcuts>
	<shortcut>
		<defaultID />
		<label>Accueil</label>
		<label2>Elément personnalisé</label2>
		<icon>DefaultShortcut.png</icon>
		<thumb>special://skin/extras/icons/home.png</thumb>
		<action>noop</action>
		</shortcut>
	<shortcut>
		<defaultID />
		<label>En cours de visionnage</label>
		<label2>Elément personnalisé</label2>
		<icon>DefaultShortcut.png</icon>
		<thumb>special://skin/extras/icons/emby.png</thumb>
		<action>noop</action>
		</shortcut>
	<shortcut>
		<defaultID />
		<label>Films</label>
		<label2>Elément personnalisé</label2>
		<icon>DefaultShortcut.png</icon>
		<thumb>special://skin/extras/icons/videoplay.png</thumb>
		<action>noop</action>
		</shortcut>
	<shortcut>
		<defaultID>tvshows</defaultID>
		<label>20343</label>
		<label2>Elément personnalisé</label2>
		<icon>special://skin/extras/icons/tv.png</icon>
		<thumb />
		<action>noop</action>
		</shortcut>
	<shortcut>
		<defaultID>music</defaultID>
		<label>Dessins Animés</label>
		<label2>Elément personnalisé</label2>
		<icon>special://skin/extras/icons/songs.png</icon>
		<thumb>special://skin/extras/icons/babygirl.png</thumb>
		<action>noop</action>
		</shortcut>
	<shortcut>
		<defaultID />
		<label>Concerts/Docs/Spectacles</label>
		<label2>Elément personnalisé</label2>
		<icon>DefaultShortcut.png</icon>
		<thumb>special://skin/extras/icons/artist.png</thumb>
		<action>noop</action>
		</shortcut>
	<shortcut>
		<defaultID />
		<label>Videothèque</label>
		<label2>Elément personnalisé</label2>
		<icon>DefaultShortcut.png</icon>
		<thumb>special://skin/extras/icons/bookmarks.png</thumb>
		<action>noop</action>
		</shortcut>
	<shortcut>
		<defaultID />
		<label>Télévision</label>
		<label2>Elément personnalisé</label2>
		<icon>DefaultShortcut.png</icon>
		<thumb>special://skin/extras/icons/lazytv.png</thumb>
		<action>noop</action>
		</shortcut>
	<shortcut>
		<defaultID>livetv</defaultID>
		<label>$SKIN[31103|skin.auramod|None]</label>
		<label2>Common Shortcut</label2>
		<icon>special://skin/extras/icons/livetv.png</icon>
		<thumb />
		<action>ActivateWindow(TVChannels)</action>
		<visible>PVR.HasTVChannels</visible>
		</shortcut>
	<shortcut>
		<defaultID>settings</defaultID>
		<label>5</label>
		<label2>Common Shortcut</label2>
		<icon>special://skin/extras/icons/settings.png</icon>
		<thumb />
		<action>ActivateWindow(Settings)</action>
		</shortcut>
	<shortcut>
		<defaultID>13009</defaultID>
		<label>13009</label>
		<label2>Commande Kodi</label2>
		<icon>special://skin/extras/icons/power.png</icon>
		<thumb>special://skin/extras/icons/power.png</thumb>
		<action>Quit</action>
		</shortcut>
	</shortcuts>
