<shortcuts>
	<shortcut>
		<defaultID />
		<label>Disney</label>
		<label2>Extensions Vidéo</label2>
		<icon>DefaultShortcut.png</icon>
		<thumb>special://skin/extras/icons/babygirl.png</thumb>
		<action>ActivateWindow(Videos,"plugin://plugin.video.vstream/?site=pastebin&amp;function=showMovies&amp;title=Disney&amp;siteUrl=https%3A%2F%2Fpastebin.com%2Fraw%2F%26numPage%3D1%26sMedia%3Dfilm%26pasteID%3D21%26sGroupe%3DDisney&amp;sFav=showMovies",return)</action>
		</shortcut>
	</shortcuts>
