<shortcuts>
	<shortcut>
		<defaultID />
		<label>Super heros séries</label>
		<label2>Extensions Vidéo</label2>
		<icon>DefaultShortcut.png</icon>
		<thumb>image://special%3a%2f%2fhome%2faddons%2fplugin.video.sendtokodiU2P%2fresources%2fpng%2fliste.png/</thumb>
		<action>ActivateWindow(Videos,"plugin://plugin.video.sendtokodiU2P/?action=mediasHKSeries&amp;famille=groupes&amp;offset=0&amp;nom=superheros+series",return)</action>
		</shortcut>
	<shortcut>
		<defaultID />
		<label>Séries jeunes ados</label>
		<label2>Extensions Vidéo</label2>
		<icon>DefaultShortcut.png</icon>
		<thumb>image://special%3a%2f%2fhome%2faddons%2fplugin.video.sendtokodiU2P%2fresources%2fpng%2fliste.png/</thumb>
		<action>ActivateWindow(Videos,"plugin://plugin.video.sendtokodiU2P/?action=mediasHKSeries&amp;famille=groupes&amp;offset=0&amp;nom=serie+jeunes+ados",return)</action>
		</shortcut>
	<shortcut>
		<defaultID />
		<label>Séries rétro</label>
		<label2>Extensions Vidéo</label2>
		<icon>DefaultShortcut.png</icon>
		<thumb>image://special%3a%2f%2fhome%2faddons%2fplugin.video.sendtokodiU2P%2fresources%2fpng%2fliste.png/</thumb>
		<action>ActivateWindow(Videos,"plugin://plugin.video.sendtokodiU2P/?action=mediasHKSeries&amp;famille=groupes&amp;offset=0&amp;nom=serie+avant+2000",return)</action>
		</shortcut>
	</shortcuts>
