<shortcuts>
	<shortcut>
		<defaultID />
		<label>Pastebin</label>
		<label2>Extensions Vidéo</label2>
		<icon>DefaultShortcut.png</icon>
		<thumb>image://special%3a%2f%2fhome%2faddons%2fplugin.video.vstream%2fresources%2fart%2fnotes.png/</thumb>
		<action>ActivateWindow(Videos,"plugin://plugin.video.vstream/?site=pastebin&amp;function=showMenuFolder&amp;title=G%C3%A9rer+les+codes&amp;sFav=showMenuFolder",return)</action>
		</shortcut>
	<shortcut>
		<defaultID>plugin.video.vstream</defaultID>
		<label>vStream</label>
		<label2>Extensions Vidéo</label2>
		<icon>DefaultShortcut.png</icon>
		<thumb>thumb</thumb>
		<action>ActivateWindow(Videos,"plugin://plugin.video.vstream",return)</action>
		</shortcut>
	<shortcut>
		<defaultID>plugin.video.themoviedb.helper</defaultID>
		<label>TheMovieDb Helper</label>
		<label2>Extensions Vidéo</label2>
		<icon>DefaultShortcut.png</icon>
		<thumb>thumb</thumb>
		<action>ActivateWindow(Videos,"plugin://plugin.video.themoviedb.helper",return)</action>
		</shortcut>
	<shortcut>
		<defaultID />
		<label>Films, Docu, concerts....</label>
		<label2>Extensions Vidéo</label2>
		<icon>DefaultShortcut.png</icon>
		<thumb>image://special%3a%2f%2fhome%2faddons%2fplugin.video.sendtokodiU2P%2fresources%2fpng%2ffilm1.png/</thumb>
		<action>ActivateWindow(Videos,"plugin://plugin.video.sendtokodiU2P/?action=MenuFilm",return)</action>
		</shortcut>
	<shortcut>
		<defaultID />
		<label>Series &amp; Animes</label>
		<label2>Extensions Vidéo</label2>
		<icon>DefaultShortcut.png</icon>
		<thumb>image://special%3a%2f%2fhome%2faddons%2fplugin.video.sendtokodiU2P%2fresources%2fpng%2fseries1.png/</thumb>
		<action>ActivateWindow(Videos,"plugin://plugin.video.sendtokodiU2P/?action=MenuSerie",return)</action>
		</shortcut>
	</shortcuts>
