<shortcuts>
	<shortcut>
		<defaultID />
		<label>Sauvegarde Skin</label>
		<label2>Elément personnalisé</label2>
		<icon>special://home/addons/resource.images.skinicons.wide/resources/folderback.png</icon>
		<thumb />
		<action>RunScript(special://home/userdata/addon_data/Scripts/skin_save1.py)</action>
		</shortcut>
	<shortcut>
		<defaultID />
		<label>Restauration Skin</label>
		<label2>Elément personnalisé</label2>
		<icon>special://home/addons/resource.images.skinicons.wide/resources/videocover.png</icon>
		<thumb />
		<action>RunScript(special://home/userdata/addon_data/Scripts/skin_restor1.py)</action>
		</shortcut>
	</shortcuts>
