<shortcuts>
	<shortcut>
		<defaultID />
		<label>AuraMod</label>
		<label2>Elément personnalisé</label2>
		<icon>DefaultShortcut.png</icon>
		<thumb>special://skin/extras/icons/watched-show.png</thumb>
		<action>noop</action>
		</shortcut>
	<shortcut>
		<defaultID>1036</defaultID>
		<label>1036</label>
		<label2>Elément de menu commun</label2>
		<icon>special://skin/extras/icons/favourites.png</icon>
		<thumb>special://skin/extras/icons/top100.png</thumb>
		<action>ActivateWindow(Favourites)</action>
		</shortcut>
	<shortcut>
		<defaultID>settings</defaultID>
		<label>10004</label>
		<label2>Paramètres</label2>
		<icon>special://skin/extras/icons/settings.png</icon>
		<thumb>special://skin/extras/icons/addons.png</thumb>
		<action>ActivateWindow(Settings)</action>
		</shortcut>
	<shortcut>
		<defaultID />
		<label>Mettre a jour Seulement HK</label>
		<label2>Elément personnalisé</label2>
		<icon>DefaultShortcut.png</icon>
		<thumb>special://skin/extras/icons/download_repo.png</thumb>
		<action>PlayMedia("plugin://plugin.video.sendtokodiU2P/?action=bdauto")</action>
		</shortcut>
	<shortcut>
		<defaultID />
		<label>Médiathèque HK</label>
		<label2>Elément personnalisé</label2>
		<icon>DefaultShortcut.png</icon>
		<thumb>special://skin/extras/icons/clipboard.png</thumb>
		<action>ActivateWindow(10025,"plugin://plugin.video.sendtokodiU2P/?action=movies",return)</action>
		</shortcut>
	<shortcut>
		<defaultID />
		<label>Audio Book</label>
		<label2>Extensions Vidéo</label2>
		<icon>DefaultShortcut.png</icon>
		<thumb>special://skin/extras/icons/calendar.png</thumb>
		<action>ActivateWindow(Videos,"plugin://plugin.video.sendtokodiU2P/?action=MenuAudio",return)</action>
		</shortcut>
	</shortcuts>
