<shortcuts>
	<shortcut>
		<defaultID />
		<label>TNT</label>
		<label2>Elément personnalisé</label2>
		<icon>DefaultShortcut.png</icon>
		<thumb>special://skin/extras/icons/lazytv.png</thumb>
		<action>ActivateWindow(Videos,"plugin://plugin.video.catchuptvandmore/resources/lib/main/tv_guide_menu/?_pickle_=80049538000000000000007d94288c075f7469746c655f948c064672616e6365948c08786d6c74765f6964944e8c076974656d5f6964948c0766725f6c69766594752e",return)</action>
		</shortcut>
	<shortcut>
		<defaultID />
		<label>Replay TV</label>
		<label2>Extensions Vidéo</label2>
		<icon>DefaultShortcut.png</icon>
		<thumb>special://skin/extras/icons/livetv.png</thumb>
		<action>ActivateWindow(Videos,"plugin://plugin.video.catchuptvandmore/resources/lib/main/generic_menu/?_pickle_=8004953a000000000000007d94288c075f7469746c655f948c064672616e6365948c08786d6c74765f6964944e8c076974656d5f6964948c0966725f7265706c617994752e",return)</action>
		</shortcut>
	<shortcut>
		<defaultID />
		<label>Ligue 1 Live</label>
		<label2>Extensions Vidéo</label2>
		<icon>DefaultShortcut.png</icon>
		<thumb>image://https%3a%2f%2fmy.streamonsport.biz%2fimg%2fFrance%252C%2520Ligue%25201.png/</thumb>
		<action>ActivateWindow(Videos,"plugin://plugin.video.vstream/?site=streamonsport&amp;function=showMovies&amp;title=Ligue+1&amp;siteUrl=https%3A%2F%2Fmy.streamonsport.biz%2F16-voir-ligue-1-streaming-2020-endirect-b.html&amp;sMovieTitle=Ligue+1&amp;sThumb=https%3A%2F%2Fmy.streamonsport.biz%2Fimg%2FFrance%2C+Ligue+1.png&amp;movieUrl=https%3A%2F%2Fmy.streamonsport.biz%2F16-voir-ligue-1-streaming-2020-endirect-b.html&amp;movieFunc=showMovies&amp;sFav=showMovies&amp;sCat=5",return)</action>
		</shortcut>
	<shortcut>
		<defaultID />
		<label>Ligue des Champions Live</label>
		<label2>Extensions Vidéo</label2>
		<icon>DefaultShortcut.png</icon>
		<thumb>image://https%3a%2f%2fmy.streamonsport.biz%2fimg%2fEurope%252C%2520Ligue%2520des%2520Champions.png/</thumb>
		<action>ActivateWindow(Videos,"plugin://plugin.video.vstream/?site=streamonsport&amp;function=showMovies&amp;title=Ligue+des+Champions&amp;siteUrl=https%3A%2F%2Fmy.streamonsport.biz%2F90-ligue-des-champions-streaming-sur-canal-rmc-bein.html&amp;sMovieTitle=Ligue+des+Champions&amp;sThumb=https%3A%2F%2Fmy.streamonsport.biz%2Fimg%2FEurope%2C+Ligue+des+Champions.png&amp;movieUrl=https%3A%2F%2Fmy.streamonsport.biz%2F90-ligue-des-champions-streaming-sur-canal-rmc-bein.html&amp;movieFunc=showMovies&amp;sFav=showMovies&amp;sCat=5",return)</action>
		</shortcut>
	<shortcut>
		<defaultID />
		<label>Ligue Europa Live</label>
		<label2>Extensions Vidéo</label2>
		<icon>DefaultShortcut.png</icon>
		<thumb>image://https%3a%2f%2fmy.streamonsport.biz%2fimg%2fEurope%252C%2520Europa%2520League.png/</thumb>
		<action>ActivateWindow(Videos,"plugin://plugin.video.vstream/?site=streamonsport&amp;function=showMovies&amp;title=Ligue+Europa&amp;siteUrl=https%3A%2F%2Fmy.streamonsport.biz%2F24-ligue-europa-streaming-2020-endirect-b.html&amp;sMovieTitle=Ligue+Europa&amp;sThumb=https%3A%2F%2Fmy.streamonsport.biz%2Fimg%2FEurope%2C+Europa+League.png&amp;movieUrl=https%3A%2F%2Fmy.streamonsport.biz%2F24-ligue-europa-streaming-2020-endirect-b.html&amp;movieFunc=showMovies&amp;sFav=showMovies&amp;sCat=5",return)</action>
		</shortcut>
	<shortcut>
		<defaultID />
		<label>Sports Live</label>
		<label2>Extensions Vidéo</label2>
		<icon>DefaultShortcut.png</icon>
		<thumb>special://skin/extras/icons/basketball.png</thumb>
		<action>ActivateWindow(Videos,"plugin://plugin.video.vstream/?site=streamonsport&amp;function=showGenres&amp;title=Sports+&amp;siteUrl=https%3A%2F%2Fmy.streamonsport.biz%2F&amp;sFav=showGenres",return)</action>
		</shortcut>
	<shortcut>
		<defaultID />
		<label>Chaines TV Ciné</label>
		<label2>Elément personnalisé</label2>
		<icon>DefaultShortcut.png</icon>
		<thumb>special://skin/extras/icons/cinemavision.png</thumb>
		<action>ActivateWindow(Videos,"plugin://plugin.video.vstream/?site=streamonsport&amp;function=showMovies&amp;title=Chaines+TV+Cin%C3%A9&amp;siteUrl=https%3A%2F%2Fmy.streamonsport.biz%2F2370162-chaines-tv-streaming-tf1-france-2-canal-plus.html&amp;sFav=showMovies",return)</action>
		</shortcut>
	<shortcut>
		<defaultID />
		<label>Chaines TV Sports</label>
		<label2>Elément personnalisé</label2>
		<icon>DefaultShortcut.png</icon>
		<thumb>special://skin/extras/icons/basketball.png</thumb>
		<action>ActivateWindow(Videos,"plugin://plugin.video.vstream/?site=streamonsport&amp;function=showMovies&amp;title=Chaines+TV+Sports&amp;siteUrl=https%3A%2F%2Fmy.streamonsport.biz%2F31-site-pour-regarder-les-chaines-de-sport.html&amp;sFav=showMovies",return)</action>
		</shortcut>
	<shortcut>
		<defaultID />
		<label>Fullmatchtv</label>
		<label2>Extensions Vidéo</label2>
		<icon>DefaultShortcut.png</icon>
		<thumb>special://skin/extras/icons/baseball.png</thumb>
		<action>ActivateWindow(Videos,"plugin://plugin.video.vstream/?site=fullmatchtv&amp;function=load&amp;title=Fullmatchtv&amp;siteUrl=True&amp;sFav=load",return)</action>
		</shortcut>
	<shortcut>
		<defaultID />
		<label>Channel Stream</label>
		<label2>Extensions Vidéo</label2>
		<icon>DefaultShortcut.png</icon>
		<thumb>special://skin/extras/icons/bookmark-star.png</thumb>
		<action>ActivateWindow(Videos,"plugin://plugin.video.vstream/?site=channelstream&amp;function=load&amp;title=Channel+Stream&amp;siteUrl=True&amp;sFav=load",return)</action>
		</shortcut>
	<shortcut>
		<defaultID />
		<label>Streamonsport</label>
		<label2>Extensions Vidéo</label2>
		<icon>DefaultShortcut.png</icon>
		<thumb>special://skin/extras/icons/bookmark.png</thumb>
		<action>ActivateWindow(Videos,"plugin://plugin.video.vstream/?site=streamonsport&amp;function=load&amp;title=Streamonsport&amp;siteUrl=True&amp;sFav=load",return)</action>
		</shortcut>
	</shortcuts>
