<shortcuts>
	<shortcut>
		<defaultID />
		<label>Best TMDB-TRAKT</label>
		<label2>Extensions Vidéo</label2>
		<icon>DefaultShortcut.png</icon>
		<thumb>special://skin/extras/icons/bookmarks.png</thumb>
		<action>ActivateWindow(Videos,"plugin://plugin.video.sendtokodiU2P/?action=MenuSerie&amp;famille=%23Best+TMDB-TRAKT",return)</action>
		</shortcut>
	<shortcut>
		<defaultID />
		<label>Séries - 1980/2000</label>
		<label2>Extensions Vidéo</label2>
		<icon>DefaultShortcut.png</icon>
		<thumb>special://skin/extras/icons/calendar2.png</thumb>
		<action>ActivateWindow(Videos,"plugin://plugin.video.sendtokodiU2P/?action=MenuSerie&amp;widget=S%C3%A9ries+-+1980%2F2000",return)</action>
		</shortcut>
	<shortcut>
		<defaultID />
		<label>LIstes divers</label>
		<label2>Extensions Vidéo</label2>
		<icon>DefaultShortcut.png</icon>
		<thumb>special://skin/extras/icons/years.png</thumb>
		<action>ActivateWindow(Videos,"plugin://plugin.video.sendtokodiU2P/?action=MenuSerie&amp;famille=Groupes+Contrib",return)</action>
		</shortcut>
	<shortcut>
		<defaultID />
		<label>Par diffuseurs</label>
		<label2>Extensions Vidéo</label2>
		<icon>DefaultShortcut.png</icon>
		<thumb>special://skin/extras/icons/netflix.png</thumb>
		<action>ActivateWindow(Videos,"plugin://plugin.video.sendtokodiU2P/?action=MenuSerie&amp;trakt=Contenus+originaux",return)</action>
		</shortcut>
	<shortcut>
		<defaultID />
		<label>TOP 10 - Séries les plus téléchargées en 2021</label>
		<label2>Extensions Vidéo</label2>
		<icon>DefaultShortcut.png</icon>
		<thumb>special://skin/extras/icons/download.png</thumb>
		<action>ActivateWindow(Videos,"plugin://plugin.video.sendtokodiU2P/?action=MenuSerie&amp;trakt=TOP+10+-+S%C3%A9ries+les+plus+t%C3%A9l%C3%A9charg%C3%A9es+en+2021",return)</action>
		</shortcut>
	<shortcut>
		<defaultID />
		<label>Séries criminelles</label>
		<label2>Extensions Vidéo</label2>
		<icon>DefaultShortcut.png</icon>
		<thumb>special://skin/extras/icons/crosshair.png</thumb>
		<action>ActivateWindow(Videos,"plugin://plugin.video.sendtokodiU2P/?action=MenuSerie&amp;groupe=08.+S%C3%A9ries+criminelles",return)</action>
		</shortcut>
	<shortcut>
		<defaultID />
		<label>COLLECTIONS</label>
		<label2>Extensions Vidéo</label2>
		<icon>DefaultShortcut.png</icon>
		<thumb>image://special%3a%2f%2fhome%2faddons%2fplugin.video.sendtokodiU2P%2fresources%2fpng%2fgroupe.png/</thumb>
		<action>ActivateWindow(Videos,"plugin://plugin.video.sendtokodiU2P/?action=MenuSerie&amp;groupe=COLLECTIONS",return)</action>
		</shortcut>
	</shortcuts>
