<shortcuts>
	<shortcut>
		<defaultID />
		<label>Dessins Animés Japonais</label>
		<label2>Extensions Vidéo</label2>
		<icon>DefaultShortcut.png</icon>
		<thumb>special://skin/extras/icons/mangas.png</thumb>
		<action>ActivateWindow(Videos,"plugin://plugin.video.sendtokodiU2P/?action=MenuFilm&amp;famille=%23Anime-Japonais",return)</action>
		</shortcut>
	<shortcut>
		<defaultID />
		<label>Mangas Films</label>
		<label2>Extensions Vidéo</label2>
		<icon>DefaultShortcut.png</icon>
		<thumb>special://skin/extras/icons/mangas.png</thumb>
		<action>ActivateWindow(Videos,"plugin://plugin.video.sendtokodiU2P/?action=MenuFilm&amp;groupe=Mangas+Films",return)</action>
		</shortcut>
	<shortcut>
		<defaultID />
		<label>Mangas OAV</label>
		<label2>Extensions Vidéo</label2>
		<icon>DefaultShortcut.png</icon>
		<thumb>special://skin/extras/icons/mangas.png</thumb>
		<action>ActivateWindow(Videos,"plugin://plugin.video.sendtokodiU2P/?action=MenuFilm&amp;groupe=Mangas+OAV",return)</action>
		</shortcut>
	<shortcut>
		<defaultID />
		<label>FANKAI</label>
		<label2>Extensions Vidéo</label2>
		<icon>DefaultShortcut.png</icon>
		<thumb>image://special%3a%2f%2fhome%2faddons%2fplugin.video.sendtokodiU2P%2fresources%2fpng%2fFANKAI.png/</thumb>
		<action>ActivateWindow(Videos,"plugin://plugin.video.sendtokodiU2P/?action=MenuDivers&amp;repo=FANKAI",return)</action>
		</shortcut>
	<shortcut>
		<defaultID />
		<label>Séries Animés Japonais</label>
		<label2>Extensions Vidéo</label2>
		<icon>DefaultShortcut.png</icon>
		<thumb>special://skin/extras/icons/mangas.png</thumb>
		<action>ActivateWindow(Videos,"plugin://plugin.video.sendtokodiU2P/?action=MenuSerie&amp;famille=%23Anime-Japonais",return)</action>
		</shortcut>
	<shortcut>
		<defaultID />
		<label>Mangas A partir de 07 ans</label>
		<label2>Extensions Vidéo</label2>
		<icon>DefaultShortcut.png</icon>
		<thumb>special://skin/extras/icons/mangas.png</thumb>
		<action>ActivateWindow(Videos,"plugin://plugin.video.sendtokodiU2P/?action=MenuSerie&amp;groupe=Mangas+A+partir+de+07+ans",return)</action>
		</shortcut>
	<shortcut>
		<defaultID />
		<label>Mangas A partir de 10 ans</label>
		<label2>Extensions Vidéo</label2>
		<icon>DefaultShortcut.png</icon>
		<thumb>special://skin/extras/icons/mangas.png</thumb>
		<action>ActivateWindow(Videos,"plugin://plugin.video.sendtokodiU2P/?action=MenuSerie&amp;groupe=Mangas+A+partir+de+10+ans",return)</action>
		</shortcut>
	<shortcut>
		<defaultID />
		<label>Mangas A partir de 12 ans</label>
		<label2>Extensions Vidéo</label2>
		<icon>DefaultShortcut.png</icon>
		<thumb>special://skin/extras/icons/mangas.png</thumb>
		<action>ActivateWindow(Videos,"plugin://plugin.video.sendtokodiU2P/?action=MenuSerie&amp;groupe=Mangas+A+partir+de+12+ans",return)</action>
		</shortcut>
	<shortcut>
		<defaultID />
		<label>Mangas A partir de 16 ans</label>
		<label2>Extensions Vidéo</label2>
		<icon>DefaultShortcut.png</icon>
		<thumb>special://skin/extras/icons/mangas.png</thumb>
		<action>ActivateWindow(Videos,"plugin://plugin.video.sendtokodiU2P/?action=MenuSerie&amp;groupe=Mangas+A+partir+de+16+ans",return)</action>
		</shortcut>
	<shortcut>
		<defaultID />
		<label>Top Séries Animés par Décade</label>
		<label2>Extensions Vidéo</label2>
		<icon>DefaultShortcut.png</icon>
		<thumb>special://skin/extras/icons/calendar.png</thumb>
		<action>ActivateWindow(Videos,"plugin://plugin.video.sendtokodiU2P/?action=MenuSerie&amp;trakt=Top+Anime+by+Didi",return)</action>
		</shortcut>
	<shortcut>
		<defaultID />
		<label>Dessin Anime Super Heros</label>
		<label2>Extensions Vidéo</label2>
		<icon>DefaultShortcut.png</icon>
		<thumb>special://skin/extras/icons/</thumb>
		<action>ActivateWindow(Videos,"plugin://plugin.video.sendtokodiU2P/?action=MenuFilm&amp;groupe=Dessin+Anime+Super+Heros",return)</action>
		</shortcut>
	<shortcut>
		<defaultID />
		<label>Lego</label>
		<label2>Extensions Vidéo</label2>
		<icon>DefaultShortcut.png</icon>
		<thumb>image://special%3a%2f%2fhome%2faddons%2fplugin.video.sendtokodiU2P%2fresources%2fpng%2fgroupe.png/</thumb>
		<action>ActivateWindow(Videos,"plugin://plugin.video.sendtokodiU2P/?action=MenuFilm&amp;groupe=Lego",return)</action>
		</shortcut>
	</shortcuts>
