<shortcuts>
	<shortcut>
		<defaultID />
		<label>Compte 1 (compte uptobox)</label>
		<label2>Elément personnalisé</label2>
		<icon>DefaultShortcut.png</icon>
		<thumb>special://skin/extras/icons/download.png</thumb>
		<action>RunScript(/storage/emulated/0/Android/data/org.xbmc.kodi/files/.kodi/userdata/addon_data/Scripts/compte1.py)</action>
	</shortcut>
	<shortcut>
		<defaultID />
		<label>Compte 2 (compte uptobox)</label>
		<label2>Elément personnalisé</label2>
		<icon>DefaultShortcut.png</icon>
		<thumb>special://skin/extras/icons/download.png</thumb>
		<action>RunScript(/storage/emulated/0/Android/data/org.xbmc.kodi/files/.kodi/userdata/addon_data/Scripts/compte2.py)</action>
	</shortcut>
	<shortcut>
		<defaultID />
		<label>Compte 3 (compte uptobox)</label>
		<label2>Elément personnalisé</label2>
		<icon>DefaultShortcut.png</icon>
		<thumb>special://skin/extras/icons/download.png</thumb>
		<action>RunScript(/storage/emulated/0/Android/data/org.xbmc.kodi/files/.kodi/userdata/addon_data/Scripts/compte3.py)</action>
	</shortcut>
	<shortcut>
		<defaultID />
		<label>Skin Light (super rapide adapter toutes box)</label>
		<label2>Elément personnalisé</label2>
		<icon>DefaultShortcut.png</icon>
		<thumb>special://skin/extras/icons/download.png</thumb>
		<action>RunScript(/storage/emulated/0/Android/data/org.xbmc.kodi/files/.kodi/userdata/addon_data/Scripts/skinray_light.py)</action>
	</shortcut>
	<shortcut>
		<defaultID />
		<label>Skin Kids (Special enfants)</label>
		<label2>Elément personnalisé</label2>
		<icon>DefaultShortcut.png</icon>
		<thumb>special://skin/extras/icons/download.png</thumb>
		<action>RunScript(/storage/emulated/0/Android/data/org.xbmc.kodi/files/.kodi/userdata/addon_data/Scripts/skinray_kids.py)</action>
	</shortcut>
	<shortcut>
		<defaultID />
		<label>Skin Full (Tres gourmand a reserver a la shield)</label>
		<label2>Elément personnalisé</label2>
		<icon>DefaultShortcut.png</icon>
		<thumb>special://skin/extras/icons/download.png</thumb>
		<action>RunScript(/storage/emulated/0/Android/data/org.xbmc.kodi/files/.kodi/userdata/addon_data/Scripts/skinray_full.py)</action>
	</shortcut>
	<shortcut>
		<defaultID />
		<label>Skin Perso (skin de ray)</label>
		<label2>Elément personnalisé</label2>
		<icon>DefaultShortcut.png</icon>
		<thumb>special://skin/extras/icons/download.png</thumb>
		<action>RunScript(/storage/emulated/0/Android/data/org.xbmc.kodi/files/.kodi/userdata/addon_data/Scripts/skinray_perso.py)</action>
	</shortcut>
</shortcuts>
