<shortcuts>
	<shortcut>
		<defaultID>settings</defaultID>
		<label>10004</label>
		<label2>Paramètres</label2>
		<icon>special://skin/extras/icons/settings.png</icon>
		<thumb>special://skin/extras/icons/configure.png</thumb>
		<action>ActivateWindow(Settings)</action>
	</shortcut>
	<shortcut>
		<defaultID>7</defaultID>
		<label>7</label>
		<label2>Elément de menu commun</label2>
		<icon>DefaultFolder.png</icon>
		<thumb />
		<action>ActivateWindow(FileManager)</action>
	</shortcut>
	<shortcut>
		<defaultID>24001</defaultID>
		<label>24001</label>
		<label2>Paramètres</label2>
		<icon>special://skin/extras/icons/addons.png</icon>
		<thumb>special://skin/extras/icons/addons.png</thumb>
		<action>ActivateWindow(AddonBrowser)</action>
	</shortcut>
	<shortcut>
		<defaultID>13000</defaultID>
		<label>Système</label>
		<label2>Paramètres</label2>
		<icon>SystemSettings.png</icon>
		<thumb>special://skin/extras/icons/antenna.png</thumb>
		<action>ActivateWindow(SystemSettings)</action>
	</shortcut>
	<shortcut>
		<defaultID>1037</defaultID>
		<label>1037</label>
		<label2>Vidéos</label2>
		<icon>special://skin/extras/icons/video-addons.png</icon>
		<thumb>special://skin/extras/icons/cd.png</thumb>
		<action>ActivateWindow(Videos,Addons,return)</action>
	</shortcut>
	<shortcut>
		<defaultID>plugin.video.vstream</defaultID>
		<label>vStream</label>
		<label2>Extensions Vidéo</label2>
		<icon>DefaultShortcut.png</icon>
		<thumb>special://skin/extras/icons/enabled.png</thumb>
		<action>ActivateWindow(Videos,"plugin://plugin.video.vstream",return)</action>
	</shortcut>
	<shortcut>
		<defaultID />
		<label>PasteBin</label>
		<label2>Extensions Vidéo</label2>
		<icon>DefaultShortcut.png</icon>
		<thumb>special://skin/extras/icons/bookmark.png</thumb>
		<action>ActivateWindow(Videos,"plugin://plugin.video.vstream/?site=pastebin&amp;function=load&amp;title=PasteBin&amp;siteUrl=http%3A%2F%2Fvenom&amp;sFav=load",return)</action>
	</shortcut>
</shortcuts>
