<shortcuts>
	<shortcut>
		<defaultID>1036</defaultID>
		<label>1036</label>
		<label2>Elément de menu commun</label2>
		<icon>special://skin/extras/icons/favourites.png</icon>
		<thumb>special://skin/extras/icons/top100.png</thumb>
		<action>ActivateWindow(Favourites)</action>
	</shortcut>
	<shortcut>
		<defaultID />
		<label>Marque-pages</label>
		<label2>Extensions Vidéo</label2>
		<icon>DefaultShortcut.png</icon>
		<thumb>special://skin/extras/icons/bookmark-star.png</thumb>
		<action>ActivateWindow(Videos,"plugin://plugin.video.vstream/?site=cFav&amp;function=getBookmarks&amp;title=Marque-pages&amp;siteUrl=http%3A%2F%2Fvenom&amp;sFav=getBookmarks",return)</action>
	</shortcut>
	<shortcut>
		<defaultID />
		<label>[COLOR coral]Mettre à jour tous les contenus[/COLOR]</label>
		<label2>Extensions Vidéo</label2>
		<icon>DefaultShortcut.png</icon>
		<thumb>special://skin/extras/icons/wand.png</thumb>
		<action>ActivateWindow(Videos,"plugin://plugin.video.vstream/?site=pastebin&amp;function=refreshAllPaste&amp;title=Mettre+%C3%A0+jour+tous+les+contenus&amp;sFav=refreshAllPaste",return)</action>
	</shortcut>
	<shortcut>
		<defaultID />
		<label>Actualiser Skin</label>
		<label2>Elément personnalisé</label2>
		<icon>DefaultShortcut.png</icon>
		<thumb>special://skin/extras/icons/repeat.png</thumb>
		<action>RELOADSKIN()</action>
	</shortcut>
	<shortcut>
		<defaultID />
		<label>Compte Uptobox 1</label>
		<label2>Elément personnalisé</label2>
		<icon>DefaultShortcut.png</icon>
		<thumb>special://skin/extras/icons/award.png</thumb>
		<action>RunScript(special://home/userdata/addon_data/Scripts/cpt_all2.py)</action>
	</shortcut>
	<shortcut>
		<defaultID />
		<label>Compte Uptobox 2</label>
		<label2>Elément personnalisé</label2>
		<icon>DefaultShortcut.png</icon>
		<thumb>special://skin/extras/icons/award.png</thumb>
		<action>RunScript(special://home/userdata/addon_data/Scripts/cpt_all1.py)</action>
	</shortcut>
	<shortcut>
		<defaultID />
		<label>Compte Uptobox 3</label>
		<label2>Elément personnalisé</label2>
		<icon>DefaultShortcut.png</icon>
		<thumb>special://skin/extras/icons/award.png</thumb>
		<action>RunScript(special://home/userdata/addon_data/Scripts/cpt_ray3.py)</action>
	</shortcut>
</shortcuts>
