<shortcuts>
	<shortcut>
		<defaultID />
		<label>Recherche [COLOR lightcoral](Films)[/COLOR]</label>
		<label2>Extensions Vidéo</label2>
		<icon>DefaultShortcut.png</icon>
		<thumb>special://skin/extras/icons/search.png</thumb>
		<action>ActivateWindow(Videos,"plugin://plugin.video.vstream/?site=pastebin&amp;function=showSearch&amp;title=Recherche+&amp;siteUrl=https%3A%2F%2Fpastebin.com%2Fraw%2F%26pasteID%3D41%26sMedia%3Dfilm%26sSearch%3D&amp;sFav=showSearch",return)</action>
	</shortcut>
	<shortcut>
		<defaultID />
		<label>Les Listes</label>
		<label2>Extensions Vidéo</label2>
		<icon>DefaultShortcut.png</icon>
		<thumb>special://skin/extras/icons/viewmode.png</thumb>
		<action>ActivateWindow(Videos,"plugin://plugin.video.vstream/?site=pastebin&amp;function=showGroupes&amp;title=Animes+%28Listes%29&amp;siteUrl=https%3A%2F%2Fpastebin.com%2Fraw%2F%26numPage%3D1%26sMedia%3Danime%26pasteID%3D41&amp;sFav=showGroupes",return)</action>
	</shortcut>
	<shortcut>
		<defaultID />
		<label>Mangas OAV</label>
		<label2>Elément personnalisé</label2>
		<icon>DefaultShortcut.png</icon>
		<thumb>special://skin/extras/icons/skull.png</thumb>
		<action>ActivateWindow(Videos,"plugin://plugin.video.vstream/?site=pastebin&amp;function=showGroupeDetails&amp;title=Mangas+OAV&amp;siteUrl=https%3A%2F%2Fpastebin.com%2Fraw%2F%26numPage%3D1%26sMedia%3Dfilm%26pasteID%3D29%26sGroupe%3DMangas+OAV&amp;sFav=showGroupeDetails",return)</action>
	</shortcut>
	<shortcut>
		<defaultID />
		<label>Anime Netflix</label>
		<label2>Extensions Vidéo</label2>
		<icon>DefaultShortcut.png</icon>
		<thumb>special://skin/extras/icons/netflix.png</thumb>
		<action>ActivateWindow(Videos,"plugin://plugin.video.vstream/?site=pastebin&amp;function=showMovies&amp;title=Netflix&amp;siteUrl=https%3A%2F%2Fpastebin.com%2Fraw%2F%26numPage%3D1%26sMedia%3Danime%26pasteID%3D41%26sNetwork%3D213%3ANetflix&amp;sTmdbId=213&amp;sFav=showMovies",return)</action>
	</shortcut>
</shortcuts>
